course,section,pts,days,start,end,last,first,middle
COMS W1004,001,3,INTRO-COMPUT SCI/PROG IN JAVA,MW,1610,1725,Cannon,Adam,H,
COMS W1005,001,3,INTRO-COMPUT SCI/PROG-MATLAB,MW,1010,1125,Vovsha,Ilia,,
ENGI E1006,001,3,INTRO TO COMP FOR ENG/APP SCI,MW,1740,1855,Cannon,Adam,H,
COMS W3101,001,1,PROGRAMMING LANG (RAILS),T,1810,2000,Stolfo,Emily,,
COMS W3101,002,1,PROGRAMMING LANG: (C++),T,1810,2000,Isukapalli,Ramana,,
COMS W3101,003,1,PROGRAMMING LANG (IOS),T,1810,2000,Vitrano,Michael,S,
COMS W3134,001,3,DATA STRUCTURES IN JAVA,TR,1010,1125,Blaer,Paul,S,
COMS W3137,001,4,DATA STRUCTURES/ALGORITHMS,TR,1010,1125,Allen,Peter,K,
COMS W3157,001,4,ADVANCED PROGRAMMING,TR,1610,1725,Lee,Jae,W,
COMS W3203,001,3,COMBINATORICS/GRAPH THEORY,MW,1740,1855,Strickland,Dawn,M,
COMS W3261,001,3,COMPUTER SCIENCE THEORY,TR,1440,1555,Lewko,Allison,,
CSEE W3827,001,3,FUNDAMENTALS OF COMPUTER SYSTS,MW,1310,1425,Rubenstein,Daniel,S,
COMS W4111,001,3,INTRODUCTION TO DATABASES,T,1310,1540,Biliris,Alexandros,,
COMS W4111,002,3,INTRODUCTION TO DATABASES,T,1610,1840,Biliris,Alexandros,,
COMS W4112,001,3,DATABASE SYSTEM IMPLEMENTATION,MW,1310,1425,Ross,Kenneth,A,
COMS W4115,001,3,PROGRAMMING LANG & TRANSLATORS,MW,1440,1555,Aho,Alfred,,
COMS W4118,001,3,OPERATING SYSTEMS I,TR,1140,1255,Lee,Jae,W,
CSEE W4119,001,3,COMPUTER NETWORKS,TR,1310,1425,Chaintreau,Augustin,,
COMS W4160,001,3,COMPUTER GRAPHICS,TR,1140,1255,Zheng,Changxi,,
COMS W4172,001,3,3D UI AND AUGMENTED REALITY,TR,1310,1425,Feiner,Steven,K,
COMS W4180,001,3,NETWORK SECURITY,R,1010,1240,Cook,Debra,L,
CSOR W4231,001,3,ANALYSIS OF ALGORITHMS I,TR,1910,2025,Chen,Xi,,
CSOR W4231,002,3,ANALYSIS OF ALGORITHMS I,M,1900,2130,Drinea,Eleni,,
COMS W4236,001,3,INTRO-COMPUTATIONAL COMPLEXITY,MW,1440,1555,Yannakakis,Mihalis,,
COMS W4281,001,3,INTRO TO QUANTUM COMPUTING,TR,1610,1725,Papageorgiou,Anargyros,,
COMS W4721,001,3,MACHINE LEARNING FOR DATA SCI,MW,1940,2055,Aouissi,Ansaf,,
COMS W4731,001,3,COMPUTER VISION,TR,1010,1125,Nayar,Shree,K,
CBMF W4761,001,3,COMPUTATIONAL GENOMICS,MW,1610,1725,Pe'er,Itshack,,
COMS W4771,001,3,MACHINE LEARNING,MW,1310,1425,Pe'er,Itshack,,
COMS W4772,001,3,ADVANCED MACHINE LEARNING,F,1310,1540,Aravkin,Alekandr,Y,
CSEE W4824,001,3,COMPUTER ARCHITECTURE,MW,1140,1255,Sethumadhavan,Simha,,
CSEE W4840,001,3,EMBEDDED SYSTEMS,TR,1440,1555,Edwards,Stephen,A,
COMS W4995,001,3,DIGITAL GEOMETRY PROCESSING,M,1310,1540,Grinspun,Eitan,,
COMS W4995,002,3,CRYPTO FINANICAL PROCESSES,TR,1140,1255,Rabin,Michael,,
COMS W4995,003,3,DATA SCI TECH ENTREPRENEUR,M,1610,1800,Maskey,Sameer,R,
COMS W4995,004,3,GPU COMPUTING,T,1810,2000,Reed,Michael,K,
COMS E6111,001,3,ADVANCED DATABASE SYSTEMS,R,1610,1800,Gravano,Luis,,
COMS E6125,001,3,WEB-ENHANCED INFORMATION MGMT,T,1010,1200,Kaiser,Gail,E,
CSEE E6180,001,3,MODELING & PERFORMNCE EVALUATN,R,1010,1200,Misra,Vishal,,
COMS E6184,001,3,ANONYMITY & PRIVACY,W,1610,1800,Bellovin,Steven,M,
COMS E6185,001,3,INTRO-INTRUSION DETECTION SYST,T,1610,1800,Hershkop,Shlomo,,
COMS E6261,001,3,ADVANCED CRYPTOGRAPHY,R,1610,1800,Lewko,Allison,,
COMS E6735,001,3,VISUAL DATABASES,R,1010,1200,Kender,John,R,
COMS E6998,001,3,COMP VIS MACH LEARNG MOBI PLAT,W,1410,1600,Belhumeur,Peter,,
COMS E6998,002,3,CLOUD AND MOBILE SECURITY,M,1610,1800,Geambasu,Roxana,,
COMS E6998,003,3,SUBLINEAR TIME ALGOS LEARNING,W,1610,1800,Servedio,Rocco,,
COMS E6998,004,3,PRIVACY ONLINE SOCIAL NETWORKS,W,1410,1600,Krishnamurthy,Balachander,,
COMS E6998,005,3,FUND OF SPEAKER RECOGNITION,R,1900,2130,Beigi,Homayoon,S,
COMS E6998,006,3,SEMANTIC TECHNOLOGIES WATSON,M,1410,1600,Gliozzo,Alfio,,
COMS E6998,007,3,CELLULAR NETWRKS/MOBILE COMP,M,1810,2000,Li,Li,E,
COMS E6998,008,3,COMP MODELS OF SOCIAL MEANING,R,1610,1800,Muresan,Smaranda,,
COMS E6998,009,3,THE TSP IN THEORY & PRACTICE,T,1410,1600,Johnson,David,S,
COMS E6998,010,3,CLOUD COMPUTING & BIG DATA,W,1810,2000,Sahu,Sambit,,
COMS E6998,011,3,DIGITAL MEDIATED STORYTELLING,W,1810,2000,Elson,David,K,
COMS E6998,012,3,MOBILE HCI,W,1210,1400,Li,Kevin,A,
ELEN E3082,001,1,DIGITAL SYSTEMS LABORATORY,M,1610,1840,Shepard,Kenneth,,
ELEN E3082,002,1,DIGITAL SYSTEMS LABORATORY,T,1610,1840,Shepard,Kenneth,,
ELEN E3082,003,1,DIGITAL SYSTEMS LABORATORY,F,1310,1540,Shepard,Kenneth,,
ELEN E3083,001,1,ELECTRONIC CIRCUITS LABORATORY,M,1610,1840,Vallancourt,David,G,
ELEN E3083,002,1,ELECTRONIC CIRCUITS LABORATORY,T,1610,1840,Vallancourt,David,G,
ELEN E3083,003,1,ELECTRONIC CIRCUITS LABORATORY,F,1310,1540,Vallancourt,David,G,
ELEN E3331,001,3,ELECTRONIC CIRCUITS,MW,1140,1255,Vallancourt,David,G,
ELEN E3390,001,3,ELEC CIRCUIT DESIGN LABORATORY,TR,1140,1255,Vallancourt,David,G,
ELEN E3401,001,4,ELECTROMAGNETICS,MW,1440,1555,Kash,Jeffrey,A,
ELEN E3701,001,3,INTRO TO COMMUNICATION SYSTEMS,TR,1610,1725,Kalet,Irving,,
CSEE W4140,001,3,NETWORKING LABORATORY,T,1610,1725,Birand,Berk,,
ELEN E4301,001,3,INTRO-SEMICONDUCTOR DEVICES,F,1310,1540,Haensch,Wilfried,,
ELEN E4314,001,3,COMMUNICATION CIRCUITS,W,1310,1540,Tsividis,Yannis,P,
ELEN E4511,001,3,POWER SYSTEMS ANALYSIS,M,1010,1240,Lavaei,Javad,,
ELEN E4703,001,3,WIRELESS COMMUNICATIONS,F,1010,1240,Kostic,Zoran,,
ELEN E4815,001,3,RANDOM SIGNALS & NOISE,TR,1010,1125,Kalet,Irving,,
ELEN E4830,001,3,DIGITAL IMAGE PROCESSING,R,1310,1540,Hendon,Christine,P,
ELEN E4896,001,3,MUSIC SIGNAL PROCESSING,MW,1010,1125,Ellis,Daniel,P,
EEBM E6092,001,3,TOPIC BIG DATA IN NEUROSCIENCE,M,1900,2130,Lazar,Aurel,A,
ELEN E6201,001,3,LINEAR SYSTEM THEORY,W,1310,1540,Sun,Yi,,
ELEN E6312,001,3,ADV ANALOG INTEGRATED CIRCUITS,M,1310,1540,Krishnaswamy,Harish,,
ELEN E6316,001,3,ANALOG SYSTEMS IN VLSI,T,1900,2130,Dickson,Timothy,,
ELEN E6318,001,3,MICROWAVE CIRCUIT DESIGN,M,1610,1840,Baeyens,Yves,,
EECS E6321,001,3,ADV DIGITAL ELECTRONIC CIRCUIT,MW,1010,1125,Seok,Mingoo,,
ELEN E6331,001,3,PRINCPLS SEMICONDUCTR PHYSCS I,R,1900,2130,Wang,Wen,I,
ELEN E6350,001,3,VLSI DESIGN LABORATORY,T,1010,1240,Kinget,Peter,,
ELEN E6412,001,3,LIGHTWAVE DEVICES,M,1610,1840,Heinz,Tony,,
ELEN E6414,001,3,PHOTONIC INTEGRATED CIRCUITS,T,1010,1240,Osgood,Richard M Jr.,,
ELEN E6712,001,3,COMMUNICATION THEORY,W,1900,2130,Yang,Kai,,
ELEN E6717,001,3,INFORMATION THEORY,F,1310,1540,Wang,Xiaodong,,
ELEN E6773,001,3,NETWORK ECON AND ENG,M,1010,1240,Mitra,Debasis,,
ELEN E6777,001,3,TOPICS: FORMAL METHODS OF COMM,TR,1010,1125,Maxemchuk,Nicholas,F,
ELEN E6880,001,3,TOPIC: MIMO WIRELESS COMM,M,1610,1840,Ali,Mohammad Ali,,
ELEN E6884,001,3,TOPICS: DATA COMPRESSION,T,1610,1840,Vaishampayan,Vinay,,
ELEN E6886,001,3,SPARSE REP HIGH-D GEOM,W,1610,1840,Wright,John,,
ELEN E6888,001,3,BROADBAND WIRELESS SYS,W,1900,2130,Calin,Doru,,
ELEN E6889,001,3,LARGE DATA STREAM PROC,T,1900,2130,Turaga,Deepak,S,
EECS E6890,001,3,VISUAL RECOG & SEARCH,R,1900,2130,Feris,Rogerio,,
EECS E6891,001,3,REPRODUCING COMP RESEARCH,W,1610,1800,Ellis,Daniel,P,
EECS E6892,001,3,BAYES MODELS MACH LEARN,R,1610,1840,Paisley,John,W,
ELEN E6906,001,3,LOW DIMENSIONAL NANOELECTRONCS,F,1010,1240,Franklin,Aaron,,
ELEN E6951,001,3,WIRELESS & MOBILE NETWORKNG II,M,1310,1540,Zussman,Gil,,
EEBM E9070,001,3,ACOUS SIG AUDIO SYSTEM,T,1900,2130,Mesgarani,Nima,,
