#coure,year,semester,section,points,name,days,start,end,lastname,firstname,middlename,enrolled,maxsize,enrolldate
COMS 6111,2009,Spring,000,3,ADVANCED DATABASE SYSTEMS,M,1610,1800,Gravano,Luis,,,,,
COMS 6111,2010,Spring,000,3,ADVANCED DATABASE SYSTEMS,M,1610,1800,Gravano,Luis,,,,,
COMS 6111,2012,Fall,000,3,ADVANCED DATABASE SYSTEMS,T,1610,1800,Gravano,Luis,,9,80,January  1 2013,
COMS 6111,2012,Fall,000,3,ADVANCED DATABASE SYSTEMS,T,1610,1800,Gravano,Luis,,9,80,March  1 2013,
COMS 6111,2014,Spring,000,3,ADVANCED DATABASE SYSTEMS,R,1610,1800,Gravano,Luis,,0,80,December 18 2013,
COMS 6118,2009,Spring,000,3,OPERATING SYSTEMS II,T,1235,1425,Nieh,Jason,,,,,
COMS 6118,2010,Spring,000,3,Operating Systems II,T,1100,1250,Nieh,Jason,,,,,
COMS 6118,2012,Spring,000,3,OPERATING SYSTEMS II,T,2155,1145,Nieh,Jason,,9,42,July  4 2012,
COMS 6121,2012,Fall,000,3,RELIABLE SOFTWARE,M,1610,1800,Yang,Junfeng,,2,28,January  1 2013,
COMS 6121,2012,Fall,000,3,RELIABLE SOFTWARE,M,1610,1800,Yang,Junfeng,,2,28,March  1 2013,
COMS 6121,2014,Fall,000,3,RELIABLE SOFTWARE,T,1410,1600,Yang,Junfeng,,2,40,June 28 2014,
COMS 6125,2008,Spring,000,3,WEB-ENHANCED INFORMATION MGMT,T,1100,1250,Kaiser,Gail,E,,,,
COMS 6125,2009,Spring,000,3,WEB-ENHANCED INFORMATION MGMT,T,1100,1250,Kaiser,Gail,E,,,,
COMS 6125,2010,Spring,000,3,WEB-ENHANCED INFORMATION MGMT,T,1100,1250,Kaiser,Gail,E,,,,
COMS 6125,2012,Spring,000,3,WEB-ENHANCED INFORMATION MGMT,T,1100,1250,Kaiser,Gail,E,9,65,July  4 2012,
COMS 6125,2014,Spring,000,3,WEB-ENHANCED INFORMATION MGMT,T,1010,1200,Kaiser,Gail,E,5,25,December 18 2013,
COMS 6174,2005,Spring,000,3,INTERACTN DSGN:PERCEPTL APPROC,M,1800,2000,Paley,W,B,,,,
COMS 6174,2010,Spring,000,3,INTERACTN DSGN:PERCEPTL APPROC,W,1810,2000,Paley,W,B,,,,
COMS 6181,2008,Spring,000,3,ADVANCED INTERNET SERVICES,W,1610,1800,Schulzrinne,Henning,G,,,,
COMS 6181,2009,Fall,000,3,ADVANCED INTERNET SERVICES,T,1810,2000,Schulzrinne,Henning,G,,,,
COMS 6183,2006,Fall,000,3,SECURITY,M,1810,2000,Keromytis,Angelos,D,,,,
COMS 6184,2008,Spring,000,3,ANONYMITY & PRIVACY,M,1610,1800,Bellovin,Steven,M,,,,
COMS 6184,2014,Spring,000,3,ANONYMITY & PRIVACY,W,1610,1800,Bellovin,Steven,M,9,20,December 18 2013,
COMS 6185,2006,Fall,000,3,INTRO-INTRUSION DETECTION SYST,T,1610,1800,Stolfo,Salvatore,J,,,,
COMS 6185,2008,Fall,000,3,INTRO-INTRUSION DETECTION SYST,T,1610,1800,Stolfo,Salvatore,J,,,,
COMS 6185,2009,Fall,000,3,INTRO-INTRUSION DETECTION SYST,T,1610,1800,Stolfo,Salvatore,J,,,,
COMS 6185,2010,Fall,000,3,INTRO-INTRUSION DETECTION SYST,T,1610,1800,Stolfo,Salvatore,J,,,,
COMS 6185,2014,Spring,000,3,INTRO-INTRUSION DETECTION SYST,T,1610,1800,Hershkop,Shlomo,,8,50,December 18 2013,
COMS 6204,2008,Spring,000,3,TOPICS IN GRAPH THEORY,M,1610,1800,Gross,Jonathan,L,,,,
COMS 6204,2010,Spring,000,3,TOPICS IN GRAPH THEORY,M,1610,1800,Gross,Jonathan,L,,,,
COMS 6232,2009,Fall,000,3,ANALYSIS OF ALGORITHMS II,R,1610,1800,Yannakakis,Mihalis,,,,,
COMS 6232,2013,Spring,000,3,ANALYSIS OF ALGORITHMS II,R,1210,1400,Yannakakis,Mihalis,,0,,March  1 2013,
COMS 6232,2013,Spring,000,3,ANALYSIS OF ALGORITHMS II,R,1210,1400,Yannakakis,Mihalis,,0,,March  5 2013,
COMS 6232,2013,Spring,000,3,ANALYSIS OF ALGORITHMS II,R,1210,1400,Yannakakis,Mihalis,,2,,January 16 2013,
COMS 6232,2013,Spring,000,3,ANALYSIS OF ALGORITHMS II,R,1210,1400,Yannakakis,Mihalis,,6,,January  1 2013,
COMS 6232,2013,Spring,000,3,ANALYSIS OF ALGORITHMS II,R,1210,1400,Yannakakis,Mihalis,,6,,July  1 2013,
COMS 6232,2013,Spring,000,3,ANALYSIS OF ALGORITHMS II,R,1210,1400,Yannakakis,Mihalis,,6,,July 31 2013,
COMS 6232,2013,Spring,000,3,ANALYSIS OF ALGORITHMS II,R,1210,1400,Yannakakis,Mihalis,,6,,June  1 2013,
COMS 6232,2013,Spring,000,3,ANALYSIS OF ALGORITHMS II,R,1210,1400,Yannakakis,Mihalis,,6,,May  1 2013,
COMS 6232,2013,Spring,000,3,ANALYSIS OF ALGORITHMS II,R,1210,1400,Yannakakis,Mihalis,,6,,September  1 2013,
COMS 6253,2012,Spring,000,3,ADV TPCS-COMPUT LEARNING THRY,R,1100,1250,Servedio,Rocco,,3,42,July  4 2012,
COMS 6261,2008,Spring,000,3,ADVANCED CRYPTOGRAPHY,R,1610,1830,Malkin,Tal,,,,,
COMS 6261,2010,Spring,000,3,ADVANCED CRYPTOGRAPHY,W,1410,1600,Malkin,Tal,,,,,
COMS 6261,2014,Spring,000,3,ADVANCED CRYPTOGRAPHY,R,1410,1600,Lewko,Allison,,7,40,December 18 2013,
COMS 6732,2008,Spring,000,3,ADV TPC-VISION: COMPUT IMAGING,T,1610,1800,Nayar,Shree,K,,,,
COMS 6732,2013,Fall,000,3,COMPUTATIONAL IMAGING,M,1610,1800,Nayar,Shree,K,1,,July  1 2013,
COMS 6732,2013,Fall,000,3,COMPUTATIONAL IMAGING,M,1610,1800,Nayar,Shree,K,1,,July 15 2013,
COMS 6732,2013,Fall,000,3,COMPUTATIONAL IMAGING,M,1610,1800,Nayar,Shree,K,1,,July 31 2013,
COMS 6732,2013,Fall,000,3,COMPUTATIONAL IMAGING,M,1610,1800,Nayar,Shree,K,1,,June 12 2013,
COMS 6732,2013,Fall,000,3,COMPUTATIONAL IMAGING,M,1610,1800,Nayar,Shree,K,4,,December 18 2013,
COMS 6732,2013,Fall,000,3,COMPUTATIONAL IMAGING,M,1610,1800,Nayar,Shree,K,4,,October  5 2013,
COMS 6732,2013,Fall,000,3,COMPUTATIONAL IMAGING,M,1610,1800,Nayar,Shree,K,4,,September 30 2013,
COMS 6732,2013,Fall,000,3,COMPUTATIONAL IMAGING,M,1610,1800,Nayar,Shree,K,9,,June  1 2013,
COMS 6732,2013,Fall,000,3,COMPUTATIONAL IMAGING,M,1610,1800,Nayar,Shree,K,9,,May  1 2013,
COMS 6732,2013,Fall,000,3,COMPUTATIONAL IMAGING,M,1610,1800,Nayar,Shree,K,9,,September  1 2013,
COMS 6733,2005,Spring,000,3,3-D PHOTOGRAPHY,W,1610,1800,Allen,Peter,K,,,,
COMS 6733,2010,Spring,000,3,3-D PHOTOGRAPHY,R,1100,1250,Allen,Peter,K,,,,
COMS 6734,2010,Spring,000,3,COMPUTATIONAL PHOTOGRAPHY,W,1310,1500,Belhumeur,Peter,,,,,
COMS 6735,2008,Spring,000,3,VISUAL DATABASES,R,1100,1250,Kender,John,R,,,,
COMS 6735,2012,Spring,000,3,VISUAL DATABASES,R,1100,1250,Kender,John,R,6,,July  4 2012,
COMS 6735,2014,Spring,000,3,VISUAL DATABASES,R,1010,1200,Kender,John,R,9,100,December 18 2013,
COMS 6737,2009,Fall,000,3,BIOMETRICS,TR,1310,1425,Belhumeur,Peter,,,,,
COMS 6737,2012,Fall,000,3,BIOMETRICS,TR,1310,1425,Belhumeur,Peter,,4,30,January  1 2013,
COMS 6737,2012,Fall,000,3,BIOMETRICS,TR,1310,1425,Belhumeur,Peter,,4,30,March  1 2013,
COMS 6737,2013,Fall,000,3,BIOMETRICS,TR,1310,1425,Belhumeur,Peter,,3,30,September 30 2013,
COMS 6737,2013,Fall,000,3,BIOMETRICS,TR,1310,1425,Belhumeur,Peter,,4,30,December 18 2013,
COMS 6737,2013,Fall,000,3,BIOMETRICS,TR,1310,1425,Belhumeur,Peter,,4,30,October  5 2013,
COMS 6737,2013,Fall,000,3,BIOMETRICS,TR,1310,1425,Belhumeur,Peter,,5,30,July 31 2013,
COMS 6737,2013,Fall,000,3,BIOMETRICS,TR,1310,1425,Belhumeur,Peter,,7,30,June  1 2013,
COMS 6737,2013,Fall,000,3,BIOMETRICS,TR,1310,1425,Belhumeur,Peter,,7,30,May  1 2013,
COMS 6737,2013,Fall,000,3,BIOMETRICS,TR,1310,1425,Belhumeur,Peter,,8,30,July  1 2013,
COMS 6737,2013,Fall,000,3,BIOMETRICS,TR,1310,1425,Belhumeur,Peter,,8,30,July 15 2013,
COMS 6737,2013,Fall,000,3,BIOMETRICS,TR,1310,1425,Belhumeur,Peter,,8,30,June 12 2013,
COMS 6737,2013,Fall,000,3,BIOMETRICS,TR,1310,1425,Belhumeur,Peter,,9,30,September  1 2013,
COMS 6737,2014,Fall,000,3,BIOMETRICS,TR,1310,1425,Belhumeur,Peter,,5,25,June 28 2014,
COMS 6772,2006,Fall,000,3,ADV MACHINE LEARNING/PERCEPTN,M,1610,1800,Jebara,Tony,,,,,
COMS 6772,2008,Fall,000,3,ADV MACHINE LEARNING/PERCEPTN,T,1610,1800,Jebara,Tony,,,,,
COMS 6900,2009,Fall,000,3,TUTORIAL IN COMPUTER SCIENCE,M,1610,1800,Yang,Junfeng,,,,,
COMS 6900,2010,Fall,000,3,TUTORIAL IN COMPUTER SCIENCE,R,1610,1800,Yang,Junfeng,,,,,
COMS 6900,2010,Spring,000,3,TUTORIAL IN COMPUTER SCIENCE,R,1810,2000,McKeown,Kathleen,,,,,
COMS 6900,2012,Fall,000,3,TUTORIAL IN COMPUTER SCIENCE,M,1810,2000,Chen,Xi,,0,,January  1 2013,
COMS 6900,2012,Fall,000,3,TUTORIAL IN COMPUTER SCIENCE,M,1810,2000,Chen,Xi,,0,,March  1 2013,
COMS 6900,2012,Spring,000,3,TUTORIAL IN COMPUTER SCIENCE,MW,2100,1015,Carloni,Luca,,0,,July  4 2012,
COMS 6900,2013,Fall,000,3,TUTORIAL IN COMPUTER SCIENCE,TR,1000,1200,Chaintreau,Augustin,,0,,July 15 2013,
COMS 6900,2013,Fall,000,3,TUTORIAL IN COMPUTER SCIENCE,TR,1000,1200,Kayfetz,Janet,,0,,December 18 2013,
COMS 6900,2013,Fall,000,3,TUTORIAL IN COMPUTER SCIENCE,TR,1000,1200,Kayfetz,Janet,,0,,July 31 2013,
COMS 6900,2013,Fall,000,3,TUTORIAL IN COMPUTER SCIENCE,TR,1000,1200,Kayfetz,Janet,,0,,October  5 2013,
COMS 6900,2013,Fall,000,3,TUTORIAL IN COMPUTER SCIENCE,TR,1000,1200,Kayfetz,Janet,,0,,September  1 2013,
COMS 6900,2013,Fall,000,3,TUTORIAL IN COMPUTER SCIENCE,TR,1000,1200,Kayfetz,Janet,,0,,September 30 2013,
COMS 6900,2013,Fall,000,3,TUTORIAL IN COMPUTER SCIENCE,W,1810,2000,Chaintreau,Augustin,,0,,July  1 2013,
COMS 6900,2013,Fall,000,3,TUTORIAL IN COMPUTER SCIENCE,W,1810,2000,Chaintreau,Augustin,,0,,June  1 2013,
COMS 6900,2013,Fall,000,3,TUTORIAL IN COMPUTER SCIENCE,W,1810,2000,Chaintreau,Augustin,,0,,June 12 2013,
COMS 6900,2013,Fall,000,3,TUTORIAL IN COMPUTER SCIENCE,W,1810,2000,Chaintreau,Augustin,,0,,May  1 2013,
COMS 6900,2013,Spring,000,3,TUTORIAL IN COMPUTER SCIENCE,TR,1000,1200,Kayfetz,Janet,,0,,January  1 2013,
COMS 6900,2013,Spring,000,3,TUTORIAL IN COMPUTER SCIENCE,TR,1000,1200,Kayfetz,Janet,,0,,January 16 2013,
COMS 6900,2013,Spring,000,3,TUTORIAL IN COMPUTER SCIENCE,TR,1000,1200,Kayfetz,Janet,,0,,July  1 2013,
COMS 6900,2013,Spring,000,3,TUTORIAL IN COMPUTER SCIENCE,TR,1000,1200,Kayfetz,Janet,,0,,July 31 2013,
COMS 6900,2013,Spring,000,3,TUTORIAL IN COMPUTER SCIENCE,TR,1000,1200,Kayfetz,Janet,,0,,June  1 2013,
COMS 6900,2013,Spring,000,3,TUTORIAL IN COMPUTER SCIENCE,TR,1000,1200,Kayfetz,Janet,,0,,March  1 2013,
COMS 6900,2013,Spring,000,3,TUTORIAL IN COMPUTER SCIENCE,TR,1000,1200,Kayfetz,Janet,,0,,March  5 2013,
COMS 6900,2013,Spring,000,3,TUTORIAL IN COMPUTER SCIENCE,TR,1000,1200,Kayfetz,Janet,,0,,May  1 2013,
COMS 6900,2013,Spring,000,3,TUTORIAL IN COMPUTER SCIENCE,TR,1000,1200,Kayfetz,Janet,,0,,September  1 2013,
COMS 6900,2014,Fall,000,3,TUTORIAL IN COMPUTER SCIENCE,M,1610,1800,Aho,Alfred,,0,,June 28 2014,
COMS 6900,2014,Spring,000,3,TUTORIAL IN COMPUTER SCIENCE,W,1410,1600,Belhumeur,Peter,,0,,December 18 2013,
COMS 6901,2008,Fall,000,3,PROJECTS IN COMPUTER SCIENCE,M,1610,1800,Sethumadhavan,Simha,,,,,
COMS 6902,2008,Spring,000,3,THESIS,T,1100,1250,Grinspun,Eitan,,,,,
COMS 6998,2009,Spring,000,3,TOPICS IN COMPUTER SCIENCE,R,1810,2000,Radev,Dragomir,R,,,,
COMS 6998,2013,Fall,000,3,TOPICS IN COMPUTER SCIENCE,W,1810,2000,Chaintreau,Augustin,,0,86,December 18 2013,
COMS 6998,2013,Fall,000,3,TOPICS IN COMPUTER SCIENCE,W,1810,2000,Chaintreau,Augustin,,3,86,October  5 2013,
COMS 6998,2013,Fall,000,3,TOPICS IN COMPUTER SCIENCE,W,1810,2000,Chaintreau,Augustin,,3,86,September  1 2013,
COMS 6998,2013,Fall,000,3,TOPICS IN COMPUTER SCIENCE,W,1810,2000,Chaintreau,Augustin,,4,86,September 30 2013,
COMS 6998,2013,Fall,000,3,TOPICS IN COMPUTER SCIENCE,W,1810,2000,Chaintreau,Augustin,,4,90,July 31 2013,
COMS 6998,2013,Spring,000,3,TOPICS IN COMPUTER SCIENCE,W,1410,1600,Belhumeur,Peter,,1,,July  1 2013,
COMS 6998,2013,Spring,000,3,TOPICS IN COMPUTER SCIENCE,W,1410,1600,Belhumeur,Peter,,1,,July 31 2013,
COMS 6998,2013,Spring,000,3,TOPICS IN COMPUTER SCIENCE,W,1410,1600,Belhumeur,Peter,,1,,June  1 2013,
COMS 6998,2013,Spring,000,3,TOPICS IN COMPUTER SCIENCE,W,1410,1600,Belhumeur,Peter,,1,,March  1 2013,
COMS 6998,2013,Spring,000,3,TOPICS IN COMPUTER SCIENCE,W,1410,1600,Belhumeur,Peter,,1,,March  5 2013,
COMS 6998,2013,Spring,000,3,TOPICS IN COMPUTER SCIENCE,W,1410,1600,Belhumeur,Peter,,1,,May  1 2013,
COMS 6998,2013,Spring,000,3,TOPICS IN COMPUTER SCIENCE,W,1410,1600,Belhumeur,Peter,,1,,September  1 2013,
COMS 6998,2013,Spring,000,3,TOPICS IN COMPUTER SCIENCE,W,1410,1600,Belhumeur,Peter,,2,,January  1 2013,
COMS 6998,2013,Spring,000,3,TOPICS IN COMPUTER SCIENCE,W,1410,1600,Belhumeur,Peter,,4,,January 16 2013,
COMS 4111,2005,Spring,000,3,DATABASE SYSTEMS,MW,1310,1425,Ross,Kenneth,A,,,,
COMS 4111,2006,Fall,000,3,DATABASE SYSTEMS,TR,1310,1425,Gravano,Luis,,,,,
COMS 4111,2008,Spring,000,3,DATABASE SYSTEMS,MW,1310,1425,Ross,Kenneth,A,,,,
COMS 4111,2009,Fall,000,3,INTRODUCTION TO DATABASES,TR,1310,1425,Gravano,Luis,,,,,
COMS 4111,2012,Fall,000,3,INTRODUCTION TO DATABASES,W,1310,1540,Biliris,Alexandros,,4,48,January  1 2013,
COMS 4111,2012,Fall,000,3,INTRODUCTION TO DATABASES,W,1310,1540,Biliris,Alexandros,,4,48,March  1 2013,
COMS 4111,2013,Fall,000,3,INTRODUCTION TO DATABASES,W,1310,1540,Biliris,Alexandros,,0,80,July 31 2013,
COMS 4111,2013,Fall,000,3,INTRODUCTION TO DATABASES,W,1310,1540,Biliris,Alexandros,,0,80,September  1 2013,
COMS 4111,2013,Fall,000,3,INTRODUCTION TO DATABASES,W,1310,1540,Biliris,Alexandros,,4,80,December 18 2013,
COMS 4111,2013,Fall,000,3,INTRODUCTION TO DATABASES,W,1310,1540,Biliris,Alexandros,,5,80,July  1 2013,
COMS 4111,2013,Fall,000,3,INTRODUCTION TO DATABASES,W,1310,1540,Biliris,Alexandros,,7,80,July 15 2013,
COMS 4111,2013,Fall,000,3,INTRODUCTION TO DATABASES,W,1310,1540,Biliris,Alexandros,,7,80,October  5 2013,
COMS 4111,2013,Fall,000,3,INTRODUCTION TO DATABASES,W,1310,1540,Biliris,Alexandros,,7,80,September 30 2013,
COMS 4112,2009,Spring,000,3,DATABASE SYST IMPLEMEMENTATION,TR,1610,1725,Ross,Kenneth,A,,,,
COMS 4112,2010,Spring,000,3,DATABASE SYSTEM IMPLEMENTATION,TR,1440,1555,Ross,Kenneth,A,,,,
COMS 4112,2012,Spring,000,3,DATABASE SYSTEM IMPLEMENTATION,T,1740,2040,Biliris,Alexandros,,2,,July  4 2012,
COMS 4112,2013,Spring,000,3,DATABASE SYSTEM IMPLEMENTATION,MW,1310,1425,Ross,Kenneth,A,2,,March  1 2013,
COMS 4112,2013,Spring,000,3,DATABASE SYSTEM IMPLEMENTATION,MW,1310,1425,Ross,Kenneth,A,2,,March  5 2013,
COMS 4112,2013,Spring,000,3,DATABASE SYSTEM IMPLEMENTATION,MW,1310,1425,Ross,Kenneth,A,4,,January  1 2013,
COMS 4112,2013,Spring,000,3,DATABASE SYSTEM IMPLEMENTATION,MW,1310,1425,Ross,Kenneth,A,8,,January 16 2013,
COMS 4112,2013,Spring,000,3,DATABASE SYSTEM IMPLEMENTATION,MW,1310,1425,Ross,Kenneth,A,9,,July  1 2013,
COMS 4112,2013,Spring,000,3,DATABASE SYSTEM IMPLEMENTATION,MW,1310,1425,Ross,Kenneth,A,9,,July 31 2013,
COMS 4112,2013,Spring,000,3,DATABASE SYSTEM IMPLEMENTATION,MW,1310,1425,Ross,Kenneth,A,9,,June  1 2013,
COMS 4112,2013,Spring,000,3,DATABASE SYSTEM IMPLEMENTATION,MW,1310,1425,Ross,Kenneth,A,9,,May  1 2013,
COMS 4112,2013,Spring,000,3,DATABASE SYSTEM IMPLEMENTATION,MW,1310,1425,Ross,Kenneth,A,9,,September  1 2013,
COMS 4112,2014,Spring,000,3,DATABASE SYSTEM IMPLEMENTATION,MW,1310,1425,Ross,Kenneth,A,0,70,December 18 2013,
COMS 4115,2005,Spring,000,3,PROGRAMMING LANG & TRANSLATORS,M,1610,1725,Aho,Alfred,,,,,
COMS 4115,2006,Fall,000,3,PROGRAMMING LANG & TRANSLATORS,TR,1100,1215,Edwards,Stephen,A,,,,
COMS 4115,2008,Fall,000,3,PROGRAMMING LANG & TRANSLATORS,TR,1100,1215,Edwards,Stephen,A,,,,
COMS 4115,2008,Spring,000,3,PROGRAMMING LANG & TRANSLATORS,MW,1610,1725,Aho,Alfred,,,,,
COMS 4115,2009,Fall,000,3,PROGRAMMING LANG & TRANSLATORS,MW,1610,1725,Aho,Alfred,,,,,
COMS 4115,2009,Spring,000,3,PROGRAMMING LANG & TRANSLATORS,MW,1610,1725,Aho,Alfred,,,,,
COMS 4115,2010,Fall,000,3,PROGRAMMING LANG & TRANSLATORS,MW,1610,1725,Edwards,Stephen,A,,,,
COMS 4115,2010,Spring,000,3,PROGRAMMING LANG & TRANSLATORS,MW,1440,1555,Aho,Alfred,,,,,
COMS 4115,2012,Fall,000,3,PROGRAMMING LANG & TRANSLATORS,MW,1610,1725,Edwards,Stephen,A,0,120,January  1 2013,
COMS 4115,2012,Fall,000,3,PROGRAMMING LANG & TRANSLATORS,MW,1610,1725,Edwards,Stephen,A,0,120,March  1 2013,
COMS 4115,2012,Spring,000,3,PROGRAMMING LANG & TRANSLATORS,MW,1440,1555,Aho,Alfred,,5,,July  4 2012,
COMS 4115,2013,Fall,000,3,PROGRAMMING LANG & TRANSLATORS,MW,1610,1725,Edwards,Stephen,A,0,120,July 31 2013,
COMS 4115,2013,Fall,000,3,PROGRAMMING LANG & TRANSLATORS,MW,1610,1725,Edwards,Stephen,A,0,120,June  1 2013,
COMS 4115,2013,Fall,000,3,PROGRAMMING LANG & TRANSLATORS,MW,1610,1725,Edwards,Stephen,A,1,120,May  1 2013,
COMS 4115,2013,Fall,000,3,PROGRAMMING LANG & TRANSLATORS,MW,1610,1725,Edwards,Stephen,A,1,120,September  1 2013,
COMS 4115,2013,Fall,000,3,PROGRAMMING LANG & TRANSLATORS,MW,1610,1725,Edwards,Stephen,A,2,120,October  5 2013,
COMS 4115,2013,Fall,000,3,PROGRAMMING LANG & TRANSLATORS,MW,1610,1725,Edwards,Stephen,A,2,120,September 30 2013,
COMS 4115,2013,Fall,000,3,PROGRAMMING LANG & TRANSLATORS,MW,1610,1725,Edwards,Stephen,A,7,120,December 18 2013,
COMS 4115,2013,Fall,000,3,PROGRAMMING LANG & TRANSLATORS,MW,1610,1725,Edwards,Stephen,A,9,120,July  1 2013,
COMS 4115,2013,Fall,000,3,PROGRAMMING LANG & TRANSLATORS,MW,1610,1725,Edwards,Stephen,A,9,120,July 15 2013,
COMS 4115,2013,Fall,000,3,PROGRAMMING LANG & TRANSLATORS,MW,1610,1725,Edwards,Stephen,A,9,120,June 12 2013,
COMS 4115,2013,Spring,000,3,PROGRAMMING LANG & TRANSLATORS,MW,1440,1555,Aho,Alfred,,0,100,January 16 2013,
COMS 4115,2013,Spring,000,3,PROGRAMMING LANG & TRANSLATORS,MW,1440,1555,Aho,Alfred,,2,100,January  1 2013,
COMS 4115,2013,Spring,000,3,PROGRAMMING LANG & TRANSLATORS,MW,1440,1555,Aho,Alfred,,5,100,July  1 2013,
COMS 4115,2013,Spring,000,3,PROGRAMMING LANG & TRANSLATORS,MW,1440,1555,Aho,Alfred,,5,100,July 31 2013,
COMS 4115,2013,Spring,000,3,PROGRAMMING LANG & TRANSLATORS,MW,1440,1555,Aho,Alfred,,5,100,June  1 2013,
COMS 4115,2013,Spring,000,3,PROGRAMMING LANG & TRANSLATORS,MW,1440,1555,Aho,Alfred,,5,100,May  1 2013,
COMS 4115,2013,Spring,000,3,PROGRAMMING LANG & TRANSLATORS,MW,1440,1555,Aho,Alfred,,5,100,September  1 2013,
COMS 4115,2013,Spring,000,3,PROGRAMMING LANG & TRANSLATORS,MW,1440,1555,Aho,Alfred,,6,100,March  1 2013,
COMS 4115,2013,Spring,000,3,PROGRAMMING LANG & TRANSLATORS,MW,1440,1555,Aho,Alfred,,6,100,March  5 2013,
COMS 4115,2014,Fall,000,3,PROGRAMMING LANG & TRANSLATORS,MW,1610,1725,Edwards,Stephen,A,0,90,June 28 2014,
COMS 4115,2014,Spring,000,3,PROGRAMMING LANG & TRANSLATORS,MW,1440,1555,Aho,Alfred,,0,120,December 18 2013,
COMS 4118,2005,Spring,000,3,OPERATING SYSTEMS I,TR,2130,1045,Kamra,Abhinav,,,,,
COMS 4118,2006,Fall,000,3,OPERATING SYSTEMS I,MW,1440,1555,Keromytis,Angelos,D,,,,
COMS 4118,2008,Fall,000,3,OPERATING SYSTEMS I,MW,1440,1555,Nieh,Jason,,,,,
COMS 4118,2008,Spring,000,3,OPERATING SYSTEMS I,TR,2110,1025,Nahum,Erich,,,,,
COMS 4118,2009,Fall,000,3,Operating Systems I,MW,2135,1050,Nieh,Jason,,,,,
COMS 4118,2009,Spring,000,3,OPERATING SYSTEMS I,TR,1610,1725,Yang,Junfeng,,,,,
COMS 4118,2010,Fall,000,3,OPERATING SYSTEMS I,TR,2135,1050,Nieh,Jason,,,,,
COMS 4118,2010,Spring,000,3,OPERATING SYSTEMS I,TR,1610,1725,Yang,Junfeng,,,,,
COMS 4118,2012,Fall,000,3,Operating Systems I,TR,1010,1125,Nieh,Jason,,5,160,January  1 2013,
COMS 4118,2012,Fall,000,3,Operating Systems I,TR,1010,1125,Nieh,Jason,,5,160,March  1 2013,
COMS 4118,2012,Spring,000,3,OPERATING SYSTEMS I,MW,1610,1725,Yang,Junfeng,,6,80,July  4 2012,
COMS 4118,2013,Fall,000,3,OPERATING SYSTEMS I,TR,1610,1725,Yang,Junfeng,,0,160,July  1 2013,
COMS 4118,2013,Fall,000,3,OPERATING SYSTEMS I,TR,1610,1725,Yang,Junfeng,,0,160,July 15 2013,
COMS 4118,2013,Fall,000,3,OPERATING SYSTEMS I,TR,1610,1725,Yang,Junfeng,,0,160,July 31 2013,
COMS 4118,2013,Fall,000,3,OPERATING SYSTEMS I,TR,1610,1725,Yang,Junfeng,,0,160,June  1 2013,
COMS 4118,2013,Fall,000,3,OPERATING SYSTEMS I,TR,1610,1725,Yang,Junfeng,,0,160,June 12 2013,
COMS 4118,2013,Fall,000,3,OPERATING SYSTEMS I,TR,1610,1725,Yang,Junfeng,,0,160,May  1 2013,
COMS 4118,2013,Fall,000,3,OPERATING SYSTEMS I,TR,1610,1725,Yang,Junfeng,,3,160,December 18 2013,
COMS 4118,2013,Fall,000,3,OPERATING SYSTEMS I,TR,1610,1725,Yang,Junfeng,,5,160,September  1 2013,
COMS 4118,2013,Fall,000,3,OPERATING SYSTEMS I,TR,1610,1725,Yang,Junfeng,,7,160,October  5 2013,
COMS 4118,2013,Fall,000,3,OPERATING SYSTEMS I,TR,1610,1725,Yang,Junfeng,,8,160,September 30 2013,
COMS 4118,2013,Spring,000,3,OPERATING SYSTEMS I,MW,1440,1555,Joshi,Kaustubh,R,0,120,January 16 2013,
COMS 4118,2013,Spring,000,3,OPERATING SYSTEMS I,MW,1440,1555,Joshi,Kaustubh,R,1,120,March  1 2013,
COMS 4118,2013,Spring,000,3,OPERATING SYSTEMS I,MW,1440,1555,Joshi,Kaustubh,R,1,120,March  5 2013,
COMS 4118,2013,Spring,000,3,OPERATING SYSTEMS I,MW,1440,1555,Joshi,Kaustubh,R,2,120,July  1 2013,
COMS 4118,2013,Spring,000,3,OPERATING SYSTEMS I,MW,1440,1555,Joshi,Kaustubh,R,2,120,July 31 2013,
COMS 4118,2013,Spring,000,3,OPERATING SYSTEMS I,MW,1440,1555,Joshi,Kaustubh,R,2,120,June  1 2013,
COMS 4118,2013,Spring,000,3,OPERATING SYSTEMS I,MW,1440,1555,Joshi,Kaustubh,R,2,120,May  1 2013,
COMS 4118,2013,Spring,000,3,OPERATING SYSTEMS I,MW,1440,1555,Joshi,Kaustubh,R,2,120,September  1 2013,
COMS 4118,2013,Spring,000,3,OPERATING SYSTEMS I,MW,1440,1555,Joshi,Kaustubh,R,6,150,January  1 2013,
COMS 4118,2014,Fall,000,3,OPERATING SYSTEMS I,TR,1010,1125,Nieh,Jason,,1,150,June 28 2014,
COMS 4118,2014,Spring,000,3,OPERATING SYSTEMS I,TR,1140,1255,Lee,Jae,W,0,150,December 18 2013,
COMS 4119,2005,Spring,000,3,COMPUTER NETWORKS,MW,2130,1045,Schulzrinne,Henning,G,,,,
COMS 4130,2012,Fall,000,3,PARALLEL PROGRAMMING,MW,1440,1555,Kim,Martha,A,2,40,January  1 2013,
COMS 4130,2012,Fall,000,3,PARALLEL PROGRAMMING,MW,1440,1555,Kim,Martha,A,2,40,March  1 2013,
COMS 4130,2013,Fall,000,3,PARALLEL PROGRAMMING,MW,1440,1555,Kim,Martha,A,0,40,July 31 2013,
COMS 4130,2013,Fall,000,3,PARALLEL PROGRAMMING,MW,1440,1555,Kim,Martha,A,1,48,September  1 2013,
COMS 4130,2013,Fall,000,3,PARALLEL PROGRAMMING,MW,1440,1555,Kim,Martha,A,2,48,December 18 2013,
COMS 4130,2013,Fall,000,3,PARALLEL PROGRAMMING,MW,1440,1555,Kim,Martha,A,4,40,June  1 2013,
COMS 4130,2013,Fall,000,3,PARALLEL PROGRAMMING,MW,1440,1555,Kim,Martha,A,4,40,May  1 2013,
COMS 4130,2013,Fall,000,3,PARALLEL PROGRAMMING,MW,1440,1555,Kim,Martha,A,5,48,October  5 2013,
COMS 4130,2013,Fall,000,3,PARALLEL PROGRAMMING,MW,1440,1555,Kim,Martha,A,6,40,July  1 2013,
COMS 4130,2013,Fall,000,3,PARALLEL PROGRAMMING,MW,1440,1555,Kim,Martha,A,6,40,July 15 2013,
COMS 4130,2013,Fall,000,3,PARALLEL PROGRAMMING,MW,1440,1555,Kim,Martha,A,6,40,June 12 2013,
COMS 4130,2013,Fall,000,3,PARALLEL PROGRAMMING,MW,1440,1555,Kim,Martha,A,7,48,September 30 2013,
COMS 4156,2005,Spring,000,3,ADVANCED SOFTWARE ENGINEERING,TR,1100,1215,Kaiser,Gail,E,,,,
COMS 4156,2006,Fall,000,3,ADVANCED SOFTWARE ENGINEERING,TR,1100,1215,Kaiser,Gail,E,,,,
COMS 4156,2008,Fall,000,3,ADVANCED SOFTWARE ENGINEERING,TR,1100,1215,Kaiser,Gail,E,,,,
COMS 4156,2009,Fall,000,3,ADVANCED SOFTWARE ENGINEERING,TR,1100,1215,Kaiser,Gail,E,,,,
COMS 4156,2010,Fall,000,3,ADVANCED SOFTWARE ENGINEERING,TR,1100,1215,Kaiser,Gail,E,,,,
COMS 4156,2012,Fall,000,3,ADVANCED SOFTWARE ENGINEERING,TR,1910,2025,Sheth,Swapneel,K,4,189,January  1 2013,
COMS 4156,2012,Fall,000,3,ADVANCED SOFTWARE ENGINEERING,TR,1910,2025,Sheth,Swapneel,K,4,189,March  1 2013,
COMS 4156,2013,Fall,000,3,ADVANCED SOFTWARE ENGINEERING,TR,1010,1125,Kaiser,Gail,E,0,80,July 31 2013,
COMS 4156,2013,Fall,000,3,ADVANCED SOFTWARE ENGINEERING,TR,1010,1125,Kaiser,Gail,E,5,80,June  1 2013,
COMS 4156,2013,Fall,000,3,ADVANCED SOFTWARE ENGINEERING,TR,1010,1125,Kaiser,Gail,E,6,80,May  1 2013,
COMS 4156,2013,Fall,000,3,ADVANCED SOFTWARE ENGINEERING,TR,1010,1125,Kaiser,Gail,E,6,80,September  1 2013,
COMS 4156,2013,Fall,000,3,ADVANCED SOFTWARE ENGINEERING,TR,1010,1125,Kaiser,Gail,E,7,80,July  1 2013,
COMS 4156,2013,Fall,000,3,ADVANCED SOFTWARE ENGINEERING,TR,1010,1125,Kaiser,Gail,E,7,80,July 15 2013,
COMS 4156,2013,Fall,000,3,ADVANCED SOFTWARE ENGINEERING,TR,1010,1125,Kaiser,Gail,E,7,80,June 12 2013,
COMS 4156,2013,Fall,000,3,ADVANCED SOFTWARE ENGINEERING,TR,1010,1125,Kaiser,Gail,E,9,80,December 18 2013,
COMS 4156,2013,Fall,000,3,ADVANCED SOFTWARE ENGINEERING,TR,1010,1125,Kaiser,Gail,E,9,80,October  5 2013,
COMS 4156,2013,Fall,000,3,ADVANCED SOFTWARE ENGINEERING,TR,1010,1125,Kaiser,Gail,E,9,80,September 30 2013,
COMS 4156,2014,Fall,000,3,ADVANCED SOFTWARE ENGINEERING,TR,1010,1125,Kaiser,Gail,E,2,80,June 28 2014,
COMS 4160,2006,Fall,000,3,COMPUTER GRAPHICS,MW,1440,1555,Ramamoorthi,Ravi,,,,,
COMS 4160,2008,Fall,000,3,COMPUTER GRAPHICS,MW,1440,1555,Ramamoorthi,Ravi,,,,,
COMS 4160,2008,Spring,000,3,COMPUTER GRAPHICS,M,1310,1540,Ramamoorthi,Ravi,,,,,
COMS 4160,2009,Fall,000,3,COMPUTER GRAPHICS,T,1810,2000,Reed,Michael,K,,,,
COMS 4160,2010,Spring,000,3,COMPUTER GRAPHICS,R,1810,2000,Reed,Michael,K,,,,
COMS 4160,2012,Fall,000,3,COMPUTER GRAPHICS,T,1810,2000,Reed,Michael,K,6,,January  1 2013,
COMS 4160,2012,Fall,000,3,COMPUTER GRAPHICS,T,1810,2000,Reed,Michael,K,6,,March  1 2013,
COMS 4160,2013,Spring,000,3,COMPUTER GRAPHICS,TR,1140,1255,Zheng,Changxi,,0,60,May  1 2013,
COMS 4160,2013,Spring,000,3,COMPUTER GRAPHICS,TR,1140,1255,Zheng,Changxi,,2,60,January 16 2013,
COMS 4160,2013,Spring,000,3,COMPUTER GRAPHICS,TR,1140,1255,Zheng,Changxi,,6,60,March  1 2013,
COMS 4160,2013,Spring,000,3,COMPUTER GRAPHICS,TR,1140,1255,Zheng,Changxi,,6,60,March  5 2013,
COMS 4160,2013,Spring,000,3,COMPUTER GRAPHICS,TR,1140,1255,Zheng,Changxi,,9,60,July  1 2013,
COMS 4160,2013,Spring,000,3,COMPUTER GRAPHICS,TR,1140,1255,Zheng,Changxi,,9,60,July 31 2013,
COMS 4160,2013,Spring,000,3,COMPUTER GRAPHICS,TR,1140,1255,Zheng,Changxi,,9,60,June  1 2013,
COMS 4160,2013,Spring,000,3,COMPUTER GRAPHICS,TR,1140,1255,Zheng,Changxi,,9,60,September  1 2013,
COMS 4160,2014,Spring,000,3,COMPUTER GRAPHICS,TR,1140,1255,Zheng,Changxi,,2,60,December 18 2013,
COMS 4162,2005,Spring,000,3,ADVANCED COMPUTER GRAPHICS,MW,1440,1555,Ramamoorthi,Ravi,,,,,
COMS 4162,2014,Fall,000,3,ADVANCED COMPUTER GRAPHICS,MW,1440,1555,Zheng,Changxi,,3,40,June 28 2014,
COMS 4167,2005,Spring,000,3,COMPUTER ANIMATION,TR,1100,1215,Grinspun,Eitan,,,,,
COMS 4167,2010,Spring,000,3,COMPUTER ANIMATION,TR,1440,1555,Grinspun,Eitan,,,,,
COMS 4167,2012,Fall,000,3,COMPUTER ANIMATION,R,1810,2000,Grinspun,Eitan,,6,,January  1 2013,
COMS 4167,2012,Fall,000,3,COMPUTER ANIMATION,R,1810,2000,Grinspun,Eitan,,6,,March  1 2013,
COMS 4167,2013,Fall,000,3,COMPUTER ANIMATION,R,1810,2000,Grinspun,Eitan,,0,88,October  5 2013,
COMS 4167,2013,Fall,000,3,COMPUTER ANIMATION,R,1810,2000,Grinspun,Eitan,,0,88,September 30 2013,
COMS 4167,2013,Fall,000,3,COMPUTER ANIMATION,R,1810,2000,Grinspun,Eitan,,0,,June 12 2013,
COMS 4167,2013,Fall,000,3,COMPUTER ANIMATION,R,1810,2000,Grinspun,Eitan,,1,,July 15 2013,
COMS 4167,2013,Fall,000,3,COMPUTER ANIMATION,R,1810,2000,Grinspun,Eitan,,6,,July 31 2013,
COMS 4167,2013,Fall,000,3,COMPUTER ANIMATION,R,1810,2000,Grinspun,Eitan,,7,88,December 18 2013,
COMS 4167,2013,Fall,000,3,COMPUTER ANIMATION,R,1810,2000,Grinspun,Eitan,,7,,June  1 2013,
COMS 4167,2013,Fall,000,3,COMPUTER ANIMATION,R,1810,2000,Grinspun,Eitan,,8,88,September  1 2013,
COMS 4167,2013,Fall,000,3,COMPUTER ANIMATION,R,1810,2000,Grinspun,Eitan,,8,,May  1 2013,
COMS 4167,2013,Fall,000,3,COMPUTER ANIMATION,R,1810,2000,Grinspun,Eitan,,9,,July  1 2013,
COMS 4167,2014,Fall,000,3,COMPUTER ANIMATION,TR,1440,1555,Grinspun,Eitan,,8,,June 28 2014,
COMS 4170,2006,Fall,000,3,USER INTERFACE DESIGN,TR,1310,1425,Feiner,Steven,K,,,,
COMS 4170,2008,Fall,000,3,USER INTERFACE DESIGN,TR,1310,1425,Feiner,Steven,K,,,,
COMS 4170,2009,Fall,000,3,USER INTERFACE DESIGN,TR,1310,1425,Feiner,Steven,K,,,,
COMS 4170,2010,Fall,000,3,USER INTERFACE DESIGN,TR,1310,1425,Feiner,Steven,K,,,,
COMS 4170,2012,Fall,000,3,USER INTERFACE DESIGN,TR,1310,1425,Feiner,Steven,K,8,70,January  1 2013,
COMS 4170,2012,Fall,000,3,USER INTERFACE DESIGN,TR,1310,1425,Feiner,Steven,K,8,70,March  1 2013,
COMS 4170,2013,Fall,000,3,USER INTERFACE DESIGN,TR,1310,1425,Feiner,Steven,K,0,70,July 15 2013,
COMS 4170,2013,Fall,000,3,USER INTERFACE DESIGN,TR,1310,1425,Feiner,Steven,K,2,70,September  1 2013,
COMS 4170,2013,Fall,000,3,USER INTERFACE DESIGN,TR,1310,1425,Feiner,Steven,K,5,70,December 18 2013,
COMS 4170,2013,Fall,000,3,USER INTERFACE DESIGN,TR,1310,1425,Feiner,Steven,K,6,70,October  5 2013,
COMS 4170,2013,Fall,000,3,USER INTERFACE DESIGN,TR,1310,1425,Feiner,Steven,K,6,70,September 30 2013,
COMS 4170,2013,Fall,000,3,USER INTERFACE DESIGN,TR,1310,1425,Feiner,Steven,K,7,70,July 31 2013,
COMS 4170,2013,Fall,000,3,USER INTERFACE DESIGN,TR,1310,1425,Feiner,Steven,K,7,70,June  1 2013,
COMS 4170,2013,Fall,000,3,USER INTERFACE DESIGN,TR,1310,1425,Feiner,Steven,K,8,70,May  1 2013,
COMS 4170,2013,Fall,000,3,USER INTERFACE DESIGN,TR,1310,1425,Feiner,Steven,K,9,70,July  1 2013,
COMS 4170,2013,Fall,000,3,USER INTERFACE DESIGN,TR,1310,1425,Feiner,Steven,K,9,70,June 12 2013,
COMS 4170,2014,Fall,000,3,USER INTERFACE DESIGN,TR,1310,1425,Feiner,Steven,K,1,80,June 28 2014,
COMS 4172,2005,Spring,000,3,3D USER INTERFACE DESIGN,TR,1310,1425,Feiner,Steven,K,,,,
COMS 4172,2008,Spring,000,3,3D USER INTERFACE DESIGN,TR,1310,1425,Feiner,Steven,K,,,,
COMS 4172,2010,Spring,000,3,3D UI AND AUGMENTED REALITY,TR,1310,1425,Feiner,Steven,K,,,,
COMS 4172,2012,Spring,000,3,3D UI AND AUGMENTED REALITY,TR,1310,1425,Feiner,Steven,K,7,,July  4 2012,
COMS 4172,2013,Spring,000,3,3D UI AND AUGMENTED REALITY,TR,1310,1425,Feiner,Steven,K,2,,July  1 2013,
COMS 4172,2013,Spring,000,3,3D UI AND AUGMENTED REALITY,TR,1310,1425,Feiner,Steven,K,2,,July 31 2013,
COMS 4172,2013,Spring,000,3,3D UI AND AUGMENTED REALITY,TR,1310,1425,Feiner,Steven,K,2,,June  1 2013,
COMS 4172,2013,Spring,000,3,3D UI AND AUGMENTED REALITY,TR,1310,1425,Feiner,Steven,K,2,,May  1 2013,
COMS 4172,2013,Spring,000,3,3D UI AND AUGMENTED REALITY,TR,1310,1425,Feiner,Steven,K,2,,September  1 2013,
COMS 4172,2013,Spring,000,3,3D UI AND AUGMENTED REALITY,TR,1310,1425,Feiner,Steven,K,3,,January  1 2013,
COMS 4172,2013,Spring,000,3,3D UI AND AUGMENTED REALITY,TR,1310,1425,Feiner,Steven,K,3,,March  1 2013,
COMS 4172,2013,Spring,000,3,3D UI AND AUGMENTED REALITY,TR,1310,1425,Feiner,Steven,K,3,,March  5 2013,
COMS 4172,2013,Spring,000,3,3D UI AND AUGMENTED REALITY,TR,1310,1425,Feiner,Steven,K,9,,January 16 2013,
COMS 4172,2014,Spring,000,3,3D UI AND AUGMENTED REALITY,TR,1310,1425,Feiner,Steven,K,0,50,December 18 2013,
COMS 4180,2005,Spring,000,3,NETWORK SECURITY,TR,1440,1555,Keromytis,Angelos,D,,,,
COMS 4180,2006,Fall,000,3,NETWORK SECURITY,TR,1440,1555,Bellovin,Steven,M,,,,
COMS 4180,2008,Spring,000,3,NETWORK SECURITY,T,1740,2010,Cook,Debra,L,,,,
COMS 4180,2009,Spring,000,3,NETWORK SECURITY,TR,1310,1425,Bellovin,Steven,M,,,,
COMS 4180,2010,Spring,000,3,NETWORK SECURITY,TR,1310,1425,Keromytis,Angelos,D,,,,
COMS 4180,2012,Fall,000,3,NETWORK SECURITY,TR,1310,1425,Keromytis,Angelos,D,9,80,January  1 2013,
COMS 4180,2012,Fall,000,3,NETWORK SECURITY,TR,1310,1425,Keromytis,Angelos,D,9,80,March  1 2013,
COMS 4180,2012,Spring,000,3,NETWORK SECURITY,TR,1310,1425,Keromytis,Angelos,D,1,60,July  4 2012,
COMS 4180,2014,Spring,000,3,NETWORK SECURITY,R,1010,1240,Cook,Debra,L,8,50,December 18 2013,
COMS 4187,2008,Fall,000,3,SECURITY ARCH & ENGINEERING,TR,1440,1555,Bellovin,Steven,M,,,,
COMS 4187,2009,Fall,000,3,SECURITY ARCH & ENGINEERING,MW,1310,1425,Bellovin,Steven,M,,,,
COMS 4187,2010,Fall,000,3,SECURITY ARCH & ENGINEERING,MW,1310,1425,Bellovin,Steven,M,,,,
COMS 4187,2012,Fall,000,3,SECURITY ARCH & ENGINEERING,MW,1440,1555,Zhao,Hang,,7,30,January  1 2013,
COMS 4187,2012,Fall,000,3,SECURITY ARCH & ENGINEERING,MW,1440,1555,Zhao,Hang,,7,30,March  1 2013,
COMS 4187,2013,Fall,000,3,SECURITY ARCH & ENGINEERING,MW,1440,1555,Bellovin,Steven,M,1,50,June  1 2013,
COMS 4187,2013,Fall,000,3,SECURITY ARCH & ENGINEERING,MW,1440,1555,Bellovin,Steven,M,1,50,May  1 2013,
COMS 4187,2013,Fall,000,3,SECURITY ARCH & ENGINEERING,MW,1440,1555,Bellovin,Steven,M,2,65,December 18 2013,
COMS 4187,2013,Fall,000,3,SECURITY ARCH & ENGINEERING,MW,1440,1555,Bellovin,Steven,M,2,65,October  5 2013,
COMS 4187,2013,Fall,000,3,SECURITY ARCH & ENGINEERING,MW,1440,1555,Bellovin,Steven,M,4,50,July 15 2013,
COMS 4187,2013,Fall,000,3,SECURITY ARCH & ENGINEERING,MW,1440,1555,Bellovin,Steven,M,4,65,September 30 2013,
COMS 4187,2013,Fall,000,3,SECURITY ARCH & ENGINEERING,MW,1440,1555,Bellovin,Steven,M,5,50,July  1 2013,
COMS 4187,2013,Fall,000,3,SECURITY ARCH & ENGINEERING,MW,1440,1555,Bellovin,Steven,M,5,50,June 12 2013,
COMS 4187,2013,Fall,000,3,SECURITY ARCH & ENGINEERING,MW,1440,1555,Bellovin,Steven,M,5,65,September  1 2013,
COMS 4187,2013,Fall,000,3,SECURITY ARCH & ENGINEERING,MW,1440,1555,Bellovin,Steven,M,8,65,July 31 2013,
COMS 4187,2014,Fall,000,3,SECURITY ARCH & ENGINEERING,MW,1440,1555,Bellovin,Steven,M,0,70,June 28 2014,
COMS 4203,2008,Fall,000,3,GRAPH THEORY,MW,1610,1725,Gross,Jonathan,L,,,,
COMS 4203,2010,Fall,000,3,GRAPH THEORY,MW,1610,1725,Gross,Jonathan,L,,,,
COMS 4203,2010,Spring,000,3,GRAPH THEORY,MW,1310,1425,Gross,Jonathan,L,,,,
COMS 4203,2012,Fall,000,3,GRAPH THEORY,MW,1610,1725,Gross,Jonathan,L,2,48,January  1 2013,
COMS 4203,2012,Fall,000,3,GRAPH THEORY,MW,1610,1725,Gross,Jonathan,L,2,48,March  1 2013,
COMS 4203,2013,Fall,000,3,GRAPH THEORY,MW,1610,1725,Gross,Jonathan,L,4,48,June  1 2013,
COMS 4203,2013,Fall,000,3,GRAPH THEORY,MW,1610,1725,Gross,Jonathan,L,4,48,May  1 2013,
COMS 4203,2013,Fall,000,3,GRAPH THEORY,MW,1610,1725,Gross,Jonathan,L,5,48,July  1 2013,
COMS 4203,2013,Fall,000,3,GRAPH THEORY,MW,1610,1725,Gross,Jonathan,L,5,48,July 15 2013,
COMS 4203,2013,Fall,000,3,GRAPH THEORY,MW,1610,1725,Gross,Jonathan,L,5,48,June 12 2013,
COMS 4203,2013,Fall,000,3,GRAPH THEORY,MW,1610,1725,Gross,Jonathan,L,6,48,December 18 2013,
COMS 4203,2013,Fall,000,3,GRAPH THEORY,MW,1610,1725,Gross,Jonathan,L,6,48,October  5 2013,
COMS 4203,2013,Fall,000,3,GRAPH THEORY,MW,1610,1725,Gross,Jonathan,L,6,48,September 30 2013,
COMS 4203,2013,Fall,000,3,GRAPH THEORY,MW,1610,1725,Gross,Jonathan,L,7,48,September  1 2013,
COMS 4203,2013,Fall,000,3,GRAPH THEORY,MW,1610,1725,Gross,Jonathan,L,9,48,July 31 2013,
COMS 4205,2006,Fall,000,3,COMBINATORIAL THEORY,MW,1610,1725,Gross,Jonathan,L,,,,
COMS 4205,2008,Spring,000,3,COMBINATORIAL THEORY,MW,1310,1425,Gross,Jonathan,L,,,,
COMS 4205,2009,Fall,000,3,COMBINATORIAL THEORY,MW,1610,1725,Gross,Jonathan,L,,,,
COMS 4231,2006,Fall,000,3,ANALYSIS OF ALGORITHMS I,MW,1310,1425,Yannakakis,Mihalis,,,,,
COMS 4231,2008,Fall,000,3,ANALYSIS OF ALGORITHMS I,MW,1310,1425,Yannakakis,Mihalis,,,,,
COMS 4236,2005,Spring,000,3,Introduction to Computational Complexity,MW,1440,1555,Yannakakis,Mihalis,,,,,
COMS 4236,2008,Spring,000,3,INTRO-COMPUTATIONAL COMPLEXITY,MW,1440,1555,Servedio,Rocco,,,,,
COMS 4236,2009,Spring,000,3,INTRO-COMPUTATIONAL COMPLEXITY,MW,1440,1555,Yannakakis,Mihalis,,,,,
COMS 4236,2010,Spring,000,3,INTRO-COMPUTATIONAL COMPLEXITY,TR,1310,1425,Servedio,Rocco,,,,,
COMS 4236,2012,Spring,000,3,INTRO-COMPUTATIONAL COMPLEXITY,MW,1310,1425,Yannakakis,Mihalis,,7,85,July  4 2012,
COMS 4236,2013,Spring,000,3,INTRO-COMPUTATIONAL COMPLEXITY,MW,1310,1425,Chen,Xi,,1,85,January  1 2013,
COMS 4236,2013,Spring,000,3,INTRO-COMPUTATIONAL COMPLEXITY,MW,1310,1425,Chen,Xi,,2,85,July  1 2013,
COMS 4236,2013,Spring,000,3,INTRO-COMPUTATIONAL COMPLEXITY,MW,1310,1425,Chen,Xi,,2,85,July 31 2013,
COMS 4236,2013,Spring,000,3,INTRO-COMPUTATIONAL COMPLEXITY,MW,1310,1425,Chen,Xi,,2,85,June  1 2013,
COMS 4236,2013,Spring,000,3,INTRO-COMPUTATIONAL COMPLEXITY,MW,1310,1425,Chen,Xi,,2,85,March  1 2013,
COMS 4236,2013,Spring,000,3,INTRO-COMPUTATIONAL COMPLEXITY,MW,1310,1425,Chen,Xi,,2,85,March  5 2013,
COMS 4236,2013,Spring,000,3,INTRO-COMPUTATIONAL COMPLEXITY,MW,1310,1425,Chen,Xi,,2,85,May  1 2013,
COMS 4236,2013,Spring,000,3,INTRO-COMPUTATIONAL COMPLEXITY,MW,1310,1425,Chen,Xi,,2,85,September  1 2013,
COMS 4236,2013,Spring,000,3,INTRO-COMPUTATIONAL COMPLEXITY,MW,1310,1425,Chen,Xi,,4,85,January 16 2013,
COMS 4236,2014,Fall,000,3,INTRO-COMPUTATIONAL COMPLEXITY,TR,1910,2025,Chen,Xi,,7,40,June 28 2014,
COMS 4236,2014,Spring,000,3,INTRO-COMPUTATIONAL COMPLEXITY,MW,1440,1555,Yannakakis,Mihalis,,9,40,December 18 2013,
COMS 4241,2005,Spring,000,3,NUMRCL ALGORTHMS-COMPLEXITY I,MW,1310,1425,Traub,Joseph,F,,,,
COMS 4241,2008,Spring,000,3,NUMERICL ALGORITHMS-COMPLEXITY,TR,1610,1725,Papageorgiou,Anargyros,,,,,
COMS 4241,2009,Spring,000,3,NUMERICL ALGORITHMS-COMPLEXITY,MW,1610,1725,Traub,Joseph,F,,,,
COMS 4241,2010,Spring,000,3,NUMERICL ALGORITHMS-COMPLEXITY,TR,1610,1725,Papageorgiou,Anargyros,,,,,
COMS 4241,2013,Spring,000,3,NUMERICL ALGORITHMS-COMPLEXITY,MW,1610,1725,Traub,Joseph,F,2,,January  1 2013,
COMS 4241,2013,Spring,000,3,NUMERICL ALGORITHMS-COMPLEXITY,MW,1610,1725,Traub,Joseph,F,5,,July  1 2013,
COMS 4241,2013,Spring,000,3,NUMERICL ALGORITHMS-COMPLEXITY,MW,1610,1725,Traub,Joseph,F,5,,July 31 2013,
COMS 4241,2013,Spring,000,3,NUMERICL ALGORITHMS-COMPLEXITY,MW,1610,1725,Traub,Joseph,F,5,,June  1 2013,
COMS 4241,2013,Spring,000,3,NUMERICL ALGORITHMS-COMPLEXITY,MW,1610,1725,Traub,Joseph,F,5,,May  1 2013,
COMS 4241,2013,Spring,000,3,NUMERICL ALGORITHMS-COMPLEXITY,MW,1610,1725,Traub,Joseph,F,5,,September  1 2013,
COMS 4241,2013,Spring,000,3,NUMERICL ALGORITHMS-COMPLEXITY,MW,1610,1725,Traub,Joseph,F,6,,March  1 2013,
COMS 4241,2013,Spring,000,3,NUMERICL ALGORITHMS-COMPLEXITY,MW,1610,1725,Traub,Joseph,F,6,,March  5 2013,
COMS 4241,2013,Spring,000,3,NUMERICL ALGORITHMS-COMPLEXITY,MW,1610,1725,Traub,Joseph,F,7,,January 16 2013,
COMS 4241,2014,Fall,000,3,NUMERICL ALGORITHMS-COMPLEXITY,TR,1310,1425,Traub,Joseph,F,0,50,June 28 2014,
COMS 4252,2006,Fall,000,3,INTRO-COMPUTATIONAL LEARN THRY,TR,1610,1725,Servedio,Rocco,,,,,
COMS 4252,2008,Fall,000,3,INTRO-COMPUTATIONAL LEARN THRY,TR,1100,1215,Servedio,Rocco,,,,,
COMS 4252,2009,Fall,000,3,INTRO-COMPUTATIONAL LEARN THRY,TR,1100,1215,Servedio,Rocco,,,,,
COMS 4252,2012,Fall,000,3,INTRO-COMPUTATIONAL LEARN THRY,MW,1310,1425,Servedio,Rocco,,6,98,January  1 2013,
COMS 4252,2012,Fall,000,3,INTRO-COMPUTATIONAL LEARN THRY,MW,1310,1425,Servedio,Rocco,,6,98,March  1 2013,
COMS 4252,2013,Fall,000,3,INTRO-COMPUTATIONAL LEARN THRY,MW,1310,1425,Servedio,Rocco,,1,88,October  5 2013,
COMS 4252,2013,Fall,000,3,INTRO-COMPUTATIONAL LEARN THRY,MW,1310,1425,Servedio,Rocco,,1,98,July  1 2013,
COMS 4252,2013,Fall,000,3,INTRO-COMPUTATIONAL LEARN THRY,MW,1310,1425,Servedio,Rocco,,2,88,September 30 2013,
COMS 4252,2013,Fall,000,3,INTRO-COMPUTATIONAL LEARN THRY,MW,1310,1425,Servedio,Rocco,,2,98,June 12 2013,
COMS 4252,2013,Fall,000,3,INTRO-COMPUTATIONAL LEARN THRY,MW,1310,1425,Servedio,Rocco,,3,88,December 18 2013,
COMS 4252,2013,Fall,000,3,INTRO-COMPUTATIONAL LEARN THRY,MW,1310,1425,Servedio,Rocco,,8,98,June  1 2013,
COMS 4252,2013,Fall,000,3,INTRO-COMPUTATIONAL LEARN THRY,MW,1310,1425,Servedio,Rocco,,8,98,May  1 2013,
COMS 4252,2014,Fall,000,3,INTRO-COMPUTATIONAL LEARN THRY,MW,1310,1425,Servedio,Rocco,,1,100,June 28 2014,
COMS 4261,2008,Spring,000,3,INTRO TO CRYPTOGRAPHY,TR,1100,1215,Malkin,Tal,,,,,
COMS 4261,2009,Fall,000,3,INTRO TO CRYPTOGRAPHY,TR,1310,1425,Malkin,Tal,,,,,
COMS 4261,2010,Fall,000,3,INTRO TO CRYPTOGRAPHY,MW,1100,1215,Gennaro,Rosairo,,,,,
COMS 4261,2012,Fall,000,3,INTRO TO CRYPTOGRAPHY,TR,1010,1125,Malkin,Tal,,7,30,January  1 2013,
COMS 4261,2012,Fall,000,3,INTRO TO CRYPTOGRAPHY,TR,1010,1125,Malkin,Tal,,7,30,March  1 2013,
COMS 4261,2014,Fall,000,3,INTRO TO CRYPTOGRAPHY,TR,1140,1255,Malkin,Tal,,9,60,June 28 2014,
COMS 4281,2005,Spring,000,3,INTRO TO QUANTUM COMPUTING,TR,1610,1725,Papageorgiou,Anargyros,,,,,
COMS 4281,2008,Spring,000,3,INTRO TO QUANTUM COMPUTING,TR,1440,1555,Wozniakowski,Henryk,,,,,
COMS 4281,2009,Spring,000,3,INTRO TO QUANTUM COMPUTING,TR,1610,1725,Papageorgiou,Anargyros,,,,,
COMS 4281,2010,Spring,000,3,INTRO TO QUANTUM COMPUTING,MW,1610,1725,Wozniakowski,Henryk,,,,,
COMS 4281,2012,Spring,000,3,INTRO TO QUANTUM COMPUTING,TR,1610,1725,Papageorgiou,Anargyros,,8,,July  4 2012,
COMS 4281,2013,Spring,000,3,INTRO TO QUANTUM COMPUTING,TR,1610,1725,Papageorgiou,Anargyros,,0,,March  1 2013,
COMS 4281,2013,Spring,000,3,INTRO TO QUANTUM COMPUTING,TR,1610,1725,Papageorgiou,Anargyros,,6,,January 16 2013,
COMS 4281,2013,Spring,000,3,INTRO TO QUANTUM COMPUTING,TR,1610,1725,Papageorgiou,Anargyros,,7,,July  1 2013,
COMS 4281,2013,Spring,000,3,INTRO TO QUANTUM COMPUTING,TR,1610,1725,Papageorgiou,Anargyros,,7,,July 31 2013,
COMS 4281,2013,Spring,000,3,INTRO TO QUANTUM COMPUTING,TR,1610,1725,Papageorgiou,Anargyros,,7,,June  1 2013,
COMS 4281,2013,Spring,000,3,INTRO TO QUANTUM COMPUTING,TR,1610,1725,Papageorgiou,Anargyros,,7,,May  1 2013,
COMS 4281,2013,Spring,000,3,INTRO TO QUANTUM COMPUTING,TR,1610,1725,Papageorgiou,Anargyros,,7,,September  1 2013,
COMS 4281,2013,Spring,000,3,INTRO TO QUANTUM COMPUTING,TR,1610,1725,Papageorgiou,Anargyros,,8,,January  1 2013,
COMS 4281,2013,Spring,000,3,INTRO TO QUANTUM COMPUTING,TR,1610,1725,Papageorgiou,Anargyros,,9,,March  5 2013,
COMS 4281,2014,Spring,000,3,INTRO TO QUANTUM COMPUTING,TR,1610,1725,Papageorgiou,Anargyros,,0,80,December 18 2013,
COMS 4444,2006,Fall,000,3,PROGRAMMING & PROBLEM SOLVING,MW,1310,1425,Ross,Kenneth,A,,,,
COMS 4444,2008,Fall,000,3,PROGRAMMING & PROBLEM SOLVING,MW,1310,1425,Ross,Kenneth,A,,,,
COMS 4444,2009,Fall,000,3,PROGRAMMING & PROBLEM SOLVING,MW,1310,1425,Ross,Kenneth,A,,,,
COMS 4444,2010,Fall,000,3,PROGRAMMING & PROBLEM SOLVING,MW,1310,1425,Ross,Kenneth,A,,,,
COMS 4444,2012,Fall,000,3,PROGRAMMING & PROBLEM SOLVING,MW,1310,1425,Ross,Kenneth,A,7,40,January  1 2013,
COMS 4444,2012,Fall,000,3,PROGRAMMING & PROBLEM SOLVING,MW,1310,1425,Ross,Kenneth,A,7,40,March  1 2013,
COMS 4444,2013,Fall,000,3,PROGRAMMING & PROBLEM SOLVING,MW,1310,1425,Ross,Kenneth,A,0,40,July  1 2013,
COMS 4444,2013,Fall,000,3,PROGRAMMING & PROBLEM SOLVING,MW,1310,1425,Ross,Kenneth,A,0,40,July 15 2013,
COMS 4444,2013,Fall,000,3,PROGRAMMING & PROBLEM SOLVING,MW,1310,1425,Ross,Kenneth,A,0,40,June  1 2013,
COMS 4444,2013,Fall,000,3,PROGRAMMING & PROBLEM SOLVING,MW,1310,1425,Ross,Kenneth,A,0,40,June 12 2013,
COMS 4444,2013,Fall,000,3,PROGRAMMING & PROBLEM SOLVING,MW,1310,1425,Ross,Kenneth,A,0,40,May  1 2013,
COMS 4444,2013,Fall,000,3,PROGRAMMING & PROBLEM SOLVING,MW,1310,1425,Ross,Kenneth,A,0,40,September  1 2013,
COMS 4444,2013,Fall,000,3,PROGRAMMING & PROBLEM SOLVING,MW,1310,1425,Ross,Kenneth,A,6,40,July 31 2013,
COMS 4444,2013,Fall,000,3,PROGRAMMING & PROBLEM SOLVING,MW,1310,1425,Ross,Kenneth,A,8,40,December 18 2013,
COMS 4444,2013,Fall,000,3,PROGRAMMING & PROBLEM SOLVING,MW,1310,1425,Ross,Kenneth,A,8,40,October  5 2013,
COMS 4444,2013,Fall,000,3,PROGRAMMING & PROBLEM SOLVING,MW,1310,1425,Ross,Kenneth,A,8,40,September 30 2013,
COMS 4444,2014,Fall,000,3,PROGRAMMING & PROBLEM SOLVING,MW,1310,1425,Ross,Kenneth,A,6,40,June 28 2014,
COMS 4460,2014,Fall,000,3,PRIN-INNOVATN/ENTREPRENEURSHIP,W,1610,1840,Yemini,Yechiam,,5,35,June 28 2014,
COMS 4560,2008,Fall,000,3,INTRO-COMP APPL-HLTH CRE/BIOMD,MW,1610,1725,Chiang,Michael,F,,,,
COMS 4560,2009,Fall,000,3,INTRO-COMP APPL-HLTH CRE/BIOMD,MW,1610,1725,Chiang,Michael,F,,,,
COMS 4701,2005,Spring,000,3,ARTIFICIAL INTELLIGENCE,TR,1310,1425,Stolfo,Salvatore,J,,,,
COMS 4701,2006,Fall,000,3,ARTIFICIAL INTELLIGENCE,TR,1100,1215,McKeown,Kathleen,,,,,
COMS 4701,2008,Fall,000,3,ARTIFICIAL INTELLIGENCE,TR,1100,1215,McKeown,Kathleen,,,,,
COMS 4701,2008,Spring,000,3,ARTIFICIAL INTELLIGENCE,TR,1740,1855,Pasik,Alexander,J,,,,
COMS 4701,2009,Fall,000,3,ARTIFICIAL INTELLIGENCE,MW,1810,1925,Pasik,Alexander,J,,,,
COMS 4701,2009,Spring,000,3,ARTIFICIAL INTELLIGENCE,TR,1440,1555,Stolfo,Salvatore,J,,,,
COMS 4701,2010,Fall,000,3,ARTIFICIAL INTELLIGENCE,MW,1810,1925,Pasik,Alexander,J,,,,
COMS 4701,2010,Spring,000,3,ARTIFICIAL INTELLIGENCE,TR,1440,1555,Stolfo,Salvatore,J,,,,
COMS 4701,2012,Fall,000,3,ARTIFICIAL INTELLIGENCE,TR,1740,1855,Pasik,Alexander,J,9,180,January  1 2013,
COMS 4701,2012,Fall,000,3,ARTIFICIAL INTELLIGENCE,TR,1740,1855,Pasik,Alexander,J,9,180,March  1 2013,
COMS 4701,2012,Spring,000,3,ARTIFICIAL INTELLIGENCE,TR,1810,1925,Pasik,Alexander,J,5,,July  4 2012,
COMS 4701,2013,Fall,000,3,ARTIFICIAL INTELLIGENCE,TR,1440,1555,Stolfo,Salvatore,J,0,125,July 15 2013,
COMS 4701,2013,Fall,000,3,ARTIFICIAL INTELLIGENCE,TR,1440,1555,Stolfo,Salvatore,J,8,125,June  1 2013,
COMS 4701,2013,Fall,000,3,ARTIFICIAL INTELLIGENCE,TR,1440,1555,Stolfo,Salvatore,J,8,125,June 12 2013,
COMS 4701,2013,Fall,000,3,ARTIFICIAL INTELLIGENCE,TR,1440,1555,Stolfo,Salvatore,J,8,125,May  1 2013,
COMS 4701,2013,Fall,000,3,ARTIFICIAL INTELLIGENCE,TR,1440,1555,Stolfo,Salvatore,J,9,125,July  1 2013,
COMS 4701,2013,Fall,000,3,ARTIFICIAL INTELLIGENCE,TR,1440,1555,Voris,Jonathan,A,0,125,December 18 2013,
COMS 4701,2013,Fall,000,3,ARTIFICIAL INTELLIGENCE,TR,1440,1555,Voris,Jonathan,A,2,125,September  1 2013,
COMS 4701,2013,Fall,000,3,ARTIFICIAL INTELLIGENCE,TR,1440,1555,Voris,Jonathan,A,5,125,July 31 2013,
COMS 4701,2013,Fall,000,3,ARTIFICIAL INTELLIGENCE,TR,1440,1555,Voris,Jonathan,A,6,125,October  5 2013,
COMS 4701,2013,Fall,000,3,ARTIFICIAL INTELLIGENCE,TR,1440,1555,Voris,Jonathan,A,6,125,September 30 2013,
COMS 4701,2013,Spring,000,3,ARTIFICIAL INTELLIGENCE,TR,1440,1555,Stolfo,Salvatore,J,0,125,March  5 2013,
COMS 4701,2013,Spring,000,3,ARTIFICIAL INTELLIGENCE,TR,1440,1555,Stolfo,Salvatore,J,1,125,March  1 2013,
COMS 4701,2013,Spring,000,3,ARTIFICIAL INTELLIGENCE,TR,1440,1555,Stolfo,Salvatore,J,2,125,July  1 2013,
COMS 4701,2013,Spring,000,3,ARTIFICIAL INTELLIGENCE,TR,1440,1555,Stolfo,Salvatore,J,2,125,July 31 2013,
COMS 4701,2013,Spring,000,3,ARTIFICIAL INTELLIGENCE,TR,1440,1555,Stolfo,Salvatore,J,2,125,June  1 2013,
COMS 4701,2013,Spring,000,3,ARTIFICIAL INTELLIGENCE,TR,1440,1555,Stolfo,Salvatore,J,2,125,September  1 2013,
COMS 4701,2013,Spring,000,3,ARTIFICIAL INTELLIGENCE,TR,1440,1555,Stolfo,Salvatore,J,4,125,May  1 2013,
COMS 4701,2013,Spring,000,3,ARTIFICIAL INTELLIGENCE,TR,1440,1555,Stolfo,Salvatore,J,5,125,January  1 2013,
COMS 4701,2013,Spring,000,3,ARTIFICIAL INTELLIGENCE,TR,1440,1555,Stolfo,Salvatore,J,5,125,January 16 2013,
COMS 4701,2014,Fall,000,3,ARTIFICIAL INTELLIGENCE,TR,1910,2025,Radev,Dragomir,R,0,120,June 28 2014,
COMS 4705,2006,Fall,000,3,NATURAL LANGUAGE PROCESSING,TR,1440,1555,Hirschberg,Julia,,,,,
COMS 4705,2009,Fall,000,3,NATURAL LANGUAGE PROCESSING,TR,1440,1555,McKeown,Kathleen,,,,,
COMS 4705,2010,Fall,000,3,NATURAL LANGUAGE PROCESSING,TR,1440,1555,Hirschberg,Julia,,,,,
COMS 4705,2012,Fall,000,3,NATURAL LANGUAGE PROCESSING,TR,1610,1725,Collins,Michael,,6,65,January  1 2013,
COMS 4705,2012,Fall,000,3,NATURAL LANGUAGE PROCESSING,TR,1610,1725,Collins,Michael,,6,65,March  1 2013,
COMS 4705,2013,Fall,000,3,NATURAL LANGUAGE PROCESSING,TR,1610,1725,Collins,Michael,,0,100,July 31 2013,
COMS 4705,2013,Fall,000,3,NATURAL LANGUAGE PROCESSING,TR,1610,1725,Collins,Michael,,0,100,September 30 2013,
COMS 4705,2013,Fall,000,3,NATURAL LANGUAGE PROCESSING,TR,1610,1725,Collins,Michael,,1,100,July  1 2013,
COMS 4705,2013,Fall,000,3,NATURAL LANGUAGE PROCESSING,TR,1610,1725,Collins,Michael,,1,100,July 15 2013,
COMS 4705,2013,Fall,000,3,NATURAL LANGUAGE PROCESSING,TR,1610,1725,Collins,Michael,,1,100,October  5 2013,
COMS 4705,2013,Fall,000,3,NATURAL LANGUAGE PROCESSING,TR,1610,1725,Collins,Michael,,5,100,June  1 2013,
COMS 4705,2013,Fall,000,3,NATURAL LANGUAGE PROCESSING,TR,1610,1725,Collins,Michael,,5,100,May  1 2013,
COMS 4705,2013,Fall,000,3,NATURAL LANGUAGE PROCESSING,TR,1610,1725,Collins,Michael,,5,100,September  1 2013,
COMS 4705,2013,Fall,000,3,NATURAL LANGUAGE PROCESSING,TR,1610,1725,Collins,Michael,,6,100,December 18 2013,
COMS 4705,2013,Fall,000,3,NATURAL LANGUAGE PROCESSING,TR,1610,1725,Collins,Michael,,9,100,June 12 2013,
COMS 4705,2014,Fall,000,3,NATURAL LANGUAGE PROCESSING,TR,1610,1725,Collins,Michael,,0,90,June 28 2014,
COMS 4706,2005,Spring,000,3,SPOKEN LANGUAGE PROCESSING,MW,1440,1555,Hirschberg,Julia,,,,,
COMS 4706,2008,Spring,000,3,SPOKEN LANGUAGE PROCESSING,MW,1440,1555,Hirschberg,Julia,,,,,
COMS 4706,2009,Spring,000,3,SPOKEN LANGUAGE PROCESSING,MW,1100,1215,Liscombe,Jackson,J,,,,
COMS 4706,2010,Spring,000,3,SPOKEN LANGUAGE PROCESSING,MW,1440,1555,Hirschberg,Julia,,,,,
COMS 4706,2012,Spring,000,3,SPOKEN LANGUAGE PROCESSING,MW,1440,1555,Hirschberg,Julia,,5,50,July  4 2012,
COMS 4721,2014,Spring,000,3,MACHINE LEARNING FOR DATA SCI,MW,1940,2055,Nayar,Shree,K,6,50,December 18 2013,
COMS 4731,2006,Fall,000,3,COMPUTER VISION,TR,1610,1725,Nayar,Shree,K,,,,
COMS 4731,2008,Fall,000,3,COMPUTER VISION,TR,1610,1725,Nayar,Shree,K,,,,
COMS 4731,2010,Spring,000,3,COMPUTER VISION,TR,1610,1725,Nayar,Shree,K,,,,
COMS 4731,2013,Spring,000,3,COMPUTER VISION,TR,1010,1125,Reiter,Austin,D,0,,March  1 2013,
COMS 4731,2013,Spring,000,3,COMPUTER VISION,TR,1010,1125,Reiter,Austin,D,0,,March  5 2013,
COMS 4731,2013,Spring,000,3,COMPUTER VISION,TR,1010,1125,Reiter,Austin,D,1,,January 16 2013,
COMS 4731,2013,Spring,000,3,COMPUTER VISION,TR,1010,1125,Reiter,Austin,D,3,,January  1 2013,
COMS 4731,2013,Spring,000,3,COMPUTER VISION,TR,1010,1125,Reiter,Austin,D,7,,July  1 2013,
COMS 4731,2013,Spring,000,3,COMPUTER VISION,TR,1010,1125,Reiter,Austin,D,7,,July 31 2013,
COMS 4731,2013,Spring,000,3,COMPUTER VISION,TR,1010,1125,Reiter,Austin,D,7,,June  1 2013,
COMS 4731,2013,Spring,000,3,COMPUTER VISION,TR,1010,1125,Reiter,Austin,D,7,,May  1 2013,
COMS 4731,2013,Spring,000,3,COMPUTER VISION,TR,1010,1125,Reiter,Austin,D,7,,September  1 2013,
COMS 4731,2014,Fall,000,3,COMPUTER VISION,TR,1010,1125,Nayar,Shree,K,7,60,June 28 2014,
COMS 4733,2009,Spring,000,3,COMPUTATNL ASPECTS OF ROBOTICS,TR,1100,1215,Nayar,Shree,K,,,,
COMS 4733,2010,Fall,000,3,COMPUTATNL ASPECTS OF ROBOTICS,TR,1100,1215,Allen,Peter,K,,,,
COMS 4733,2013,Fall,000,3,COMPUTATNL ASPECTS OF ROBOTICS,TR,1140,1255,Allen,Peter,K,2,,June  1 2013,
COMS 4733,2013,Fall,000,3,COMPUTATNL ASPECTS OF ROBOTICS,TR,1140,1255,Allen,Peter,K,3,,May  1 2013,
COMS 4733,2013,Fall,000,3,COMPUTATNL ASPECTS OF ROBOTICS,TR,1140,1255,Allen,Peter,K,6,,July 31 2013,
COMS 4733,2013,Fall,000,3,COMPUTATNL ASPECTS OF ROBOTICS,TR,1140,1255,Allen,Peter,K,7,,December 18 2013,
COMS 4733,2013,Fall,000,3,COMPUTATNL ASPECTS OF ROBOTICS,TR,1140,1255,Allen,Peter,K,7,,July 15 2013,
COMS 4733,2013,Fall,000,3,COMPUTATNL ASPECTS OF ROBOTICS,TR,1140,1255,Allen,Peter,K,7,,September  1 2013,
COMS 4733,2013,Fall,000,3,COMPUTATNL ASPECTS OF ROBOTICS,TR,1140,1255,Allen,Peter,K,8,,July  1 2013,
COMS 4733,2013,Fall,000,3,COMPUTATNL ASPECTS OF ROBOTICS,TR,1140,1255,Allen,Peter,K,9,,June 12 2013,
COMS 4733,2013,Fall,000,3,COMPUTATNL ASPECTS OF ROBOTICS,TR,1140,1255,Allen,Peter,K,9,,October  5 2013,
COMS 4733,2013,Fall,000,3,COMPUTATNL ASPECTS OF ROBOTICS,TR,1140,1255,Allen,Peter,K,9,,September 30 2013,
COMS 4733,2014,Fall,000,3,COMPUTATNL ASPECTS OF ROBOTICS,TR,1140,1255,Allen,Peter,K,2,60,June 28 2014,
COMS 4735,2009,Spring,000,3,VISUAL INTERFACES TO COMPUTERS,TR,1310,1425,Kender,John,R,,,,
COMS 4735,2013,Spring,000,3,VISUAL INTERFACES TO COMPUTERS,TR,1010,1125,Kender,John,R,1,,January  1 2013,
COMS 4735,2013,Spring,000,3,VISUAL INTERFACES TO COMPUTERS,TR,1010,1125,Kender,John,R,3,,July  1 2013,
COMS 4735,2013,Spring,000,3,VISUAL INTERFACES TO COMPUTERS,TR,1010,1125,Kender,John,R,3,,July 31 2013,
COMS 4735,2013,Spring,000,3,VISUAL INTERFACES TO COMPUTERS,TR,1010,1125,Kender,John,R,3,,June  1 2013,
COMS 4735,2013,Spring,000,3,VISUAL INTERFACES TO COMPUTERS,TR,1010,1125,Kender,John,R,3,,September  1 2013,
COMS 4735,2013,Spring,000,3,VISUAL INTERFACES TO COMPUTERS,TR,1010,1125,Kender,John,R,4,,January 16 2013,
COMS 4735,2013,Spring,000,3,VISUAL INTERFACES TO COMPUTERS,TR,1010,1125,Kender,John,R,4,,May  1 2013,
COMS 4735,2013,Spring,000,3,VISUAL INTERFACES TO COMPUTERS,TR,1010,1125,Kender,John,R,6,,March  1 2013,
COMS 4735,2013,Spring,000,3,VISUAL INTERFACES TO COMPUTERS,TR,1010,1125,Kender,John,R,6,,March  5 2013,
COMS 4737,2009,Fall,000,3,BIOMETRICS,TR,1310,1425,Belhumeur,Peter,,,,,
COMS 4737,2009,Spring,000,3,BIOMETRICS,MW,1310,1425,Belhumeur,Peter,,,,,
COMS 4737,2010,Fall,000,3,BIOMETRICS,TR,1310,1425,Belhumeur,Peter,,,,,
COMS 4737,2012,Fall,000,3,BIOMETRICS,TR,1310,1425,Belhumeur,Peter,,3,25,January  1 2013,
COMS 4737,2012,Fall,000,3,BIOMETRICS,TR,1310,1425,Belhumeur,Peter,,3,25,March  1 2013,
COMS 4737,2013,Fall,000,3,BIOMETRICS,TR,1310,1425,Belhumeur,Peter,,3,25,July 31 2013,
COMS 4737,2013,Fall,000,3,BIOMETRICS,TR,1310,1425,Belhumeur,Peter,,5,25,July  1 2013,
COMS 4737,2013,Fall,000,3,BIOMETRICS,TR,1310,1425,Belhumeur,Peter,,5,25,July 15 2013,
COMS 4737,2013,Fall,000,3,BIOMETRICS,TR,1310,1425,Belhumeur,Peter,,5,25,June  1 2013,
COMS 4737,2013,Fall,000,3,BIOMETRICS,TR,1310,1425,Belhumeur,Peter,,5,25,June 12 2013,
COMS 4737,2013,Fall,000,3,BIOMETRICS,TR,1310,1425,Belhumeur,Peter,,5,25,May  1 2013,
COMS 4737,2013,Fall,000,3,BIOMETRICS,TR,1310,1425,Belhumeur,Peter,,8,25,December 18 2013,
COMS 4737,2013,Fall,000,3,BIOMETRICS,TR,1310,1425,Belhumeur,Peter,,8,25,October  5 2013,
COMS 4737,2013,Fall,000,3,BIOMETRICS,TR,1310,1425,Belhumeur,Peter,,9,25,September  1 2013,
COMS 4737,2013,Fall,000,3,BIOMETRICS,TR,1310,1425,Belhumeur,Peter,,9,25,September 30 2013,
COMS 4737,2014,Fall,000,3,BIOMETRICS,TR,1310,1425,Belhumeur,Peter,,5,25,June 28 2014,
COMS 4761,2005,Spring,000,3,COMPUTATIONAL GENOMICS,M,1610,1840,Yemini,Yechiam,,,,,
COMS 4771,2005,Spring,000,3,MACHINE LEARNING,TR,1440,1555,Jebara,Tony,,,,,
COMS 4771,2008,Spring,000,3,MACHINE LEARNING,TR,1440,1555,Rudin,Cynthia,,,,,
COMS 4771,2009,Spring,000,3,MACHINE LEARNING,TR,1440,1555,Jebara,Tony,,,,,
COMS 4771,2010,Spring,000,3,MACHINE LEARNING,TR,1440,1555,Jebara,Tony,,,,,
COMS 4771,2012,Fall,000,3,MACHINE LEARNING,TR,1440,1555,Jebara,Tony,,7,150,January  1 2013,
COMS 4771,2012,Fall,000,3,MACHINE LEARNING,TR,1440,1555,Jebara,Tony,,7,150,March  1 2013,
COMS 4771,2013,Fall,000,3,MACHINE LEARNING,TR,1440,1555,Jebara,Tony,,1,150,June  1 2013,
COMS 4771,2013,Fall,000,3,MACHINE LEARNING,TR,1440,1555,Jebara,Tony,,2,150,July  1 2013,
COMS 4771,2013,Fall,000,3,MACHINE LEARNING,TR,1440,1555,Jebara,Tony,,2,150,July 15 2013,
COMS 4771,2013,Fall,000,3,MACHINE LEARNING,TR,1440,1555,Jebara,Tony,,2,150,June 12 2013,
COMS 4771,2013,Fall,000,3,MACHINE LEARNING,TR,1440,1555,Jebara,Tony,,2,150,May  1 2013,
COMS 4771,2013,Fall,000,3,MACHINE LEARNING,TR,1440,1555,Jebara,Tony,,3,150,July 31 2013,
COMS 4771,2013,Fall,000,3,MACHINE LEARNING,TR,1440,1555,Jebara,Tony,,4,150,December 18 2013,
COMS 4771,2013,Fall,000,3,MACHINE LEARNING,TR,1440,1555,Jebara,Tony,,6,150,October  5 2013,
COMS 4771,2013,Fall,000,3,MACHINE LEARNING,TR,1440,1555,Jebara,Tony,,8,150,September  1 2013,
COMS 4771,2013,Fall,000,3,MACHINE LEARNING,TR,1440,1555,Jebara,Tony,,8,150,September 30 2013,
COMS 4771,2014,Fall,000,3,MACHINE LEARNING,TR,1310,1425,Jebara,Tony,,8,150,June 28 2014,
COMS 4771,2014,Spring,000,3,MACHINE LEARNING,MW,1310,1425,Pe'er,Itshack,,8,100,December 18 2013,
COMS 4772,2009,Fall,000,3,ADV MACHINE LEARNING/PERCEPTN,T,1610,1800,Jebara,Tony,,,,,
COMS 4772,2010,Fall,000,3,ADV MACHINE LEARNING/PERCEPTN,T,1610,1800,Jebara,Tony,,,,,
COMS 4772,2013,Fall,000,3,ADVANCED MACHINE LEARNING,W,1610,1800,Hsu,Daniel,,0,30,September  1 2013,
COMS 4772,2013,Fall,000,3,ADVANCED MACHINE LEARNING,W,1610,1800,Hsu,Daniel,,5,48,December 18 2013,
COMS 4772,2013,Fall,000,3,ADVANCED MACHINE LEARNING,W,1610,1800,Hsu,Daniel,,8,48,October  5 2013,
COMS 4772,2013,Fall,000,3,ADVANCED MACHINE LEARNING,W,1610,1800,Hsu,Daniel,,8,48,September 30 2013,
COMS 4772,2013,Spring,000,3,ADVANCED MACHINE LEARNING,TR,1440,1555,Jebara,Tony,,0,60,January  1 2013,
COMS 4772,2013,Spring,000,3,ADVANCED MACHINE LEARNING,TR,1440,1555,Jebara,Tony,,1,60,January 16 2013,
COMS 4772,2013,Spring,000,3,ADVANCED MACHINE LEARNING,TR,1440,1555,Jebara,Tony,,4,60,July  1 2013,
COMS 4772,2013,Spring,000,3,ADVANCED MACHINE LEARNING,TR,1440,1555,Jebara,Tony,,4,60,July 31 2013,
COMS 4772,2013,Spring,000,3,ADVANCED MACHINE LEARNING,TR,1440,1555,Jebara,Tony,,4,60,June  1 2013,
COMS 4772,2013,Spring,000,3,ADVANCED MACHINE LEARNING,TR,1440,1555,Jebara,Tony,,4,60,May  1 2013,
COMS 4772,2013,Spring,000,3,ADVANCED MACHINE LEARNING,TR,1440,1555,Jebara,Tony,,4,60,September  1 2013,
COMS 4772,2013,Spring,000,3,ADVANCED MACHINE LEARNING,TR,1440,1555,Jebara,Tony,,9,60,March  1 2013,
COMS 4772,2013,Spring,000,3,ADVANCED MACHINE LEARNING,TR,1440,1555,Jebara,Tony,,9,60,March  5 2013,
COMS 4772,2014,Fall,000,3,ADVANCED MACHINE LEARNING,W,1610,1800,Hsu,Daniel,,7,60,June 28 2014,
COMS 4772,2014,Spring,000,3,ADVANCED MACHINE LEARNING,F,1310,1540,Aravkin,Alekandr,Y,1,50,December 18 2013,
COMS 4901,2005,Spring,000,3,PROJECTS IN COMPUTER SCIENCE,TR,1610,1725,Randy,Moulic,J,,,,
COMS 4901,2006,Fall,000,3,PROJECTS IN COMPUTER SCIENCE,MW,1310,1425,Schulzrinne,Henning,G,,,,
COMS 4901,2008,Fall,000,3,PROJECTS IN COMPUTER SCIENCE,MW,1610,1725,Pe'Er,Itshack,,,,,
COMS 4901,2008,Spring,000,3,PROJECTS IN COMPUTER SCIENCE,M,1810,2000,Gravano,Luis,,,,,
COMS 4901,2010,Spring,000,3,PROJECTS IN COMPUTER SCIENCE,TR,1610,1725,Yemini,Yechiam,,,,,
COMS 4901,2012,Fall,000,3,PROJECTS IN COMPUTER SCIENCE,TR,1610,1725,Chaintreau,Augustin,,0,,January  1 2013,
COMS 4901,2012,Fall,000,3,PROJECTS IN COMPUTER SCIENCE,TR,1610,1725,Chaintreau,Augustin,,0,,March  1 2013,
COMS 4901,2012,Spring,000,3,PROJECTS IN COMPUTER SCIENCE,T,1810,2000,Abrams,Steven,,0,,July  4 2012,
COMS 4901,2013,Fall,000,3,PROJECTS IN COMPUTER SCIENCE,TR,1140,1255,Geambasu,Roxana,,0,,December 18 2013,
COMS 4901,2013,Fall,000,3,PROJECTS IN COMPUTER SCIENCE,TR,1140,1255,Geambasu,Roxana,,0,,July  1 2013,
COMS 4901,2013,Fall,000,3,PROJECTS IN COMPUTER SCIENCE,TR,1140,1255,Geambasu,Roxana,,0,,July 15 2013,
COMS 4901,2013,Fall,000,3,PROJECTS IN COMPUTER SCIENCE,TR,1140,1255,Geambasu,Roxana,,0,,July 31 2013,
COMS 4901,2013,Fall,000,3,PROJECTS IN COMPUTER SCIENCE,TR,1140,1255,Geambasu,Roxana,,0,,June  1 2013,
COMS 4901,2013,Fall,000,3,PROJECTS IN COMPUTER SCIENCE,TR,1140,1255,Geambasu,Roxana,,0,,June 12 2013,
COMS 4901,2013,Fall,000,3,PROJECTS IN COMPUTER SCIENCE,TR,1140,1255,Geambasu,Roxana,,0,,May  1 2013,
COMS 4901,2013,Fall,000,3,PROJECTS IN COMPUTER SCIENCE,TR,1140,1255,Geambasu,Roxana,,0,,October  5 2013,
COMS 4901,2013,Fall,000,3,PROJECTS IN COMPUTER SCIENCE,TR,1140,1255,Geambasu,Roxana,,0,,September  1 2013,
COMS 4901,2013,Fall,000,3,PROJECTS IN COMPUTER SCIENCE,TR,1140,1255,Geambasu,Roxana,,0,,September 30 2013,
COMS 4901,2013,Spring,000,3,PROJECTS IN COMPUTER SCIENCE,TR,1010,1125,Rabin,Michael,,0,,January  1 2013,
COMS 4901,2013,Spring,000,3,PROJECTS IN COMPUTER SCIENCE,TR,1010,1125,Rabin,Michael,,0,,January 16 2013,
COMS 4901,2013,Spring,000,3,PROJECTS IN COMPUTER SCIENCE,TR,1010,1125,Rabin,Michael,,0,,July  1 2013,
COMS 4901,2013,Spring,000,3,PROJECTS IN COMPUTER SCIENCE,TR,1010,1125,Rabin,Michael,,0,,July 31 2013,
COMS 4901,2013,Spring,000,3,PROJECTS IN COMPUTER SCIENCE,TR,1010,1125,Rabin,Michael,,0,,June  1 2013,
COMS 4901,2013,Spring,000,3,PROJECTS IN COMPUTER SCIENCE,TR,1010,1125,Rabin,Michael,,0,,March  1 2013,
COMS 4901,2013,Spring,000,3,PROJECTS IN COMPUTER SCIENCE,TR,1010,1125,Rabin,Michael,,0,,March  5 2013,
COMS 4901,2013,Spring,000,3,PROJECTS IN COMPUTER SCIENCE,TR,1010,1125,Rabin,Michael,,0,,May  1 2013,
COMS 4901,2013,Spring,000,3,PROJECTS IN COMPUTER SCIENCE,TR,1010,1125,Rabin,Michael,,0,,September  1 2013,
COMS 4901,2014,Fall,000,3,PROJECTS IN COMPUTER SCIENCE,MW,1440,1555,Geambasu,Roxana,,0,,June 28 2014,
COMS 4901,2014,Spring,000,3,PROJECTS IN COMPUTER SCIENCE,M,1310,1540,Grinspun,Eitan,,0,,December 18 2013,
CSBM 4761,2005,Spring,000,3,COMPUTATIONAL GENOMICS,M,1610,1840,Yemini,Yechiam,,,,,
CSBM 4761,2009,Spring,000,3,COMPUTATIONAL GENOMICS,TR,1440,1555,Pe'Er,Itshack,,,,,
CSBM 4761,2010,Spring,000,3,COMPUTATIONAL GENOMICS,MW,1440,1555,Pe'er,Itshack,,,,,
CSBM 4761,2012,Spring,000,3,COMPUTATIONAL GENOMICS,TR,1035,1150,Pe'er,Itshack,,8,75,July  4 2012,
CSBM 4761,2013,Spring,000,3,COMPUTATIONAL GENOMICS,MW,1610,1725,Pe'er,Itshack,,2,75,January 16 2013,
CSBM 4761,2013,Spring,000,3,COMPUTATIONAL GENOMICS,MW,1610,1725,Pe'er,Itshack,,4,75,July  1 2013,
CSBM 4761,2013,Spring,000,3,COMPUTATIONAL GENOMICS,MW,1610,1725,Pe'er,Itshack,,4,75,July 31 2013,
CSBM 4761,2013,Spring,000,3,COMPUTATIONAL GENOMICS,MW,1610,1725,Pe'er,Itshack,,4,75,June  1 2013,
CSBM 4761,2013,Spring,000,3,COMPUTATIONAL GENOMICS,MW,1610,1725,Pe'er,Itshack,,4,75,May  1 2013,
CSBM 4761,2013,Spring,000,3,COMPUTATIONAL GENOMICS,MW,1610,1725,Pe'er,Itshack,,4,75,September  1 2013,
CSBM 4761,2013,Spring,000,3,COMPUTATIONAL GENOMICS,MW,1610,1725,Pe'er,Itshack,,5,75,January  1 2013,
CSBM 4761,2013,Spring,000,3,COMPUTATIONAL GENOMICS,MW,1610,1725,Pe'er,Itshack,,5,75,March  1 2013,
CSBM 4761,2013,Spring,000,3,COMPUTATIONAL GENOMICS,MW,1610,1725,Pe'er,Itshack,,5,75,March  5 2013,
CSBM 4761,2014,Spring,000,3,COMPUTATIONAL GENOMICS,MW,1610,1725,Pe'er,Itshack,,4,50,December 18 2013,
CSEE 6180,2005,Spring,000,3,MODELING & PERFORMNCE EVALUATN,M,1610,1800,Misra,Vishal,,,,,
CSEE 6180,2009,Spring,000,3,MODELING & PERFORMNCE EVALUATN,T,1610,1800,Nayar,Shree,K,,,,
CSEE 6180,2014,Spring,000,3,MODELING & PERFORMNCE EVALUATN,R,1010,1200,Misra,Vishal,,1,40,December 18 2013,
CSEE 6824,2010,Spring,000,3,PARALLEL COMPUTER ARCH,T,1810,2000,Sethumadhavan,Simha,,,,,
CSEE 6824,2012,Spring,000,3,PARALLEL COMPUTER ARCH,T,1610,1800,Sethumadhavan,Simha,,0,75,July  4 2012,
CSEE 6824,2013,Spring,000,3,PARALLEL COMPUTER ARCH,R,1810,2000,Sethumadhavan,Simha,,2,75,January  1 2013,
CSEE 6824,2013,Spring,000,3,PARALLEL COMPUTER ARCH,R,1810,2000,Sethumadhavan,Simha,,3,75,January 16 2013,
CSEE 6824,2013,Spring,000,3,PARALLEL COMPUTER ARCH,R,1810,2000,Sethumadhavan,Simha,,4,75,July  1 2013,
CSEE 6824,2013,Spring,000,3,PARALLEL COMPUTER ARCH,R,1810,2000,Sethumadhavan,Simha,,4,75,July 31 2013,
CSEE 6824,2013,Spring,000,3,PARALLEL COMPUTER ARCH,R,1810,2000,Sethumadhavan,Simha,,4,75,June  1 2013,
CSEE 6824,2013,Spring,000,3,PARALLEL COMPUTER ARCH,R,1810,2000,Sethumadhavan,Simha,,4,75,March  1 2013,
CSEE 6824,2013,Spring,000,3,PARALLEL COMPUTER ARCH,R,1810,2000,Sethumadhavan,Simha,,4,75,March  5 2013,
CSEE 6824,2013,Spring,000,3,PARALLEL COMPUTER ARCH,R,1810,2000,Sethumadhavan,Simha,,4,75,May  1 2013,
CSEE 6824,2013,Spring,000,3,PARALLEL COMPUTER ARCH,R,1810,2000,Sethumadhavan,Simha,,4,75,September  1 2013,
CSEE 6847,2008,Spring,000,3,DISTRIBUTED EMBEDDED SYSTEMS,W,1310,1500,Carloni,Luca,,,,,
CSEE 6847,2009,Spring,000,3,DISTRIBUTED EMBEDDED SYSTEMS,R,1100,1250,Carloni,Luca,,,,,
CSEE 6861,2009,Spring,000,3,CAD OF DIGITAL SYSTEM,R,1610,1800,Nowick,Steven,M,,,,
CSEE 6861,2010,Spring,000,3,CAD OF DIGITAL SYSTEMS,R,1610,1800,Nowick,Steven,M,,,,
CSEE 6861,2012,Spring,000,3,CAD OF DIGITAL SYSTEMS,R,1610,1800,Nowick,Steven,M,7,45,July  4 2012,
CSEE 6861,2013,Spring,000,3,CAD OF DIGITAL SYSTEMS,R,1610,1800,Nowick,Steven,M,0,25,January  1 2013,
CSEE 6861,2013,Spring,000,3,CAD OF DIGITAL SYSTEMS,R,1610,1800,Nowick,Steven,M,6,25,January 16 2013,
CSEE 6861,2013,Spring,000,3,CAD OF DIGITAL SYSTEMS,R,1610,1800,Nowick,Steven,M,9,30,July  1 2013,
CSEE 6861,2013,Spring,000,3,CAD OF DIGITAL SYSTEMS,R,1610,1800,Nowick,Steven,M,9,30,July 31 2013,
CSEE 6861,2013,Spring,000,3,CAD OF DIGITAL SYSTEMS,R,1610,1800,Nowick,Steven,M,9,30,June  1 2013,
CSEE 6861,2013,Spring,000,3,CAD OF DIGITAL SYSTEMS,R,1610,1800,Nowick,Steven,M,9,30,March  1 2013,
CSEE 6861,2013,Spring,000,3,CAD OF DIGITAL SYSTEMS,R,1610,1800,Nowick,Steven,M,9,30,March  5 2013,
CSEE 6861,2013,Spring,000,3,CAD OF DIGITAL SYSTEMS,R,1610,1800,Nowick,Steven,M,9,30,May  1 2013,
CSEE 6861,2013,Spring,000,3,CAD OF DIGITAL SYSTEMS,R,1610,1800,Nowick,Steven,M,9,30,September  1 2013,
CSEE 6868,2013,Spring,000,3,SYSTEM-ON-CHIP PLATFORMS,MW,1310,1425,Carloni,Luca,,1,20,January  1 2013,
CSEE 6868,2013,Spring,000,3,SYSTEM-ON-CHIP PLATFORMS,MW,1310,1425,Carloni,Luca,,5,20,January 16 2013,
CSEE 6868,2013,Spring,000,3,SYSTEM-ON-CHIP PLATFORMS,MW,1310,1425,Carloni,Luca,,8,30,July  1 2013,
CSEE 6868,2013,Spring,000,3,SYSTEM-ON-CHIP PLATFORMS,MW,1310,1425,Carloni,Luca,,8,30,July 31 2013,
CSEE 6868,2013,Spring,000,3,SYSTEM-ON-CHIP PLATFORMS,MW,1310,1425,Carloni,Luca,,8,30,June  1 2013,
CSEE 6868,2013,Spring,000,3,SYSTEM-ON-CHIP PLATFORMS,MW,1310,1425,Carloni,Luca,,8,30,September  1 2013,
CSEE 6868,2013,Spring,000,3,SYSTEM-ON-CHIP PLATFORMS,MW,1310,1425,Carloni,Luca,,9,30,March  1 2013,
CSEE 6868,2013,Spring,000,3,SYSTEM-ON-CHIP PLATFORMS,MW,1310,1425,Carloni,Luca,,9,30,March  5 2013,
CSEE 6868,2013,Spring,000,3,SYSTEM-ON-CHIP PLATFORMS,MW,1310,1425,Carloni,Luca,,9,30,May  1 2013,
CSEE 4119,2006,Fall,000,3,COMPUTER NETWORKS,TR,2110,1025,Misra,Vishal,,,,,
CSEE 4119,2008,Spring,000,3,COMPUTER NETWORKS,MW,2110,1025,Misra,Vishal,,,,,
CSEE 4119,2009,Spring,000,3,COMPUTER NETWORKS,MW,1310,1425,Rubenstein,Daniel,S,,,,
CSEE 4119,2010,Fall,000,3,COMPUTER NETWORKS,TR,2135,1050,Misra,Vishal,,,,,
CSEE 4119,2010,Spring,000,3,COMPUTER NETWORKS,MW,1310,1425,Rubenstein,Daniel,S,,,,
CSEE 4119,2012,Fall,000,3,COMPUTER NETWORKS,W,1010,1240,Zussman,Gil,,2,80,January  1 2013,
CSEE 4119,2012,Fall,000,3,COMPUTER NETWORKS,W,1010,1240,Zussman,Gil,,2,80,March  1 2013,
CSEE 4119,2012,Spring,000,3,COMPUTER NETWORKS,TR,1310,1425,Chaintreau,Augustin,,7,,July  4 2012,
CSEE 4119,2013,Fall,000,3,COMPUTER NETWORKS,TR,1310,1425,Misra,Vishal,,0,120,December 18 2013,
CSEE 4119,2013,Fall,000,3,COMPUTER NETWORKS,TR,1310,1425,Misra,Vishal,,0,90,July 31 2013,
CSEE 4119,2013,Fall,000,3,COMPUTER NETWORKS,TR,1310,1425,Misra,Vishal,,3,120,October  5 2013,
CSEE 4119,2013,Fall,000,3,COMPUTER NETWORKS,TR,1310,1425,Misra,Vishal,,5,120,September 30 2013,
CSEE 4119,2013,Fall,000,3,COMPUTER NETWORKS,TR,1310,1425,Misra,Vishal,,8,120,September  1 2013,
CSEE 4119,2013,Fall,000,3,COMPUTER NETWORKS,TR,1310,1425,Rubenstein,Daniel,S,2,,June  1 2013,
CSEE 4119,2013,Fall,000,3,COMPUTER NETWORKS,TR,1310,1425,Rubenstein,Daniel,S,2,,May  1 2013,
CSEE 4119,2013,Fall,000,3,COMPUTER NETWORKS,TR,1310,1425,Rubenstein,Daniel,S,3,,July  1 2013,
CSEE 4119,2013,Fall,000,3,COMPUTER NETWORKS,TR,1310,1425,Rubenstein,Daniel,S,3,,July 15 2013,
CSEE 4119,2013,Fall,000,3,COMPUTER NETWORKS,TR,1310,1425,Rubenstein,Daniel,S,4,,June 12 2013,
CSEE 4119,2013,Spring,000,3,COMPUTER NETWORKS,TR,1310,1425,Chaintreau,Augustin,,6,,July  1 2013,
CSEE 4119,2013,Spring,000,3,COMPUTER NETWORKS,TR,1310,1425,Chaintreau,Augustin,,6,,July 31 2013,
CSEE 4119,2013,Spring,000,3,COMPUTER NETWORKS,TR,1310,1425,Chaintreau,Augustin,,6,,June  1 2013,
CSEE 4119,2013,Spring,000,3,COMPUTER NETWORKS,TR,1310,1425,Chaintreau,Augustin,,6,,May  1 2013,
CSEE 4119,2013,Spring,000,3,COMPUTER NETWORKS,TR,1310,1425,Chaintreau,Augustin,,6,,September  1 2013,
CSEE 4119,2013,Spring,000,3,COMPUTER NETWORKS,TR,1310,1425,Chaintreau,Augustin,,7,,January  1 2013,
CSEE 4119,2013,Spring,000,3,COMPUTER NETWORKS,TR,1310,1425,Chaintreau,Augustin,,8,,January 16 2013,
CSEE 4119,2013,Spring,000,3,COMPUTER NETWORKS,TR,1310,1425,Chaintreau,Augustin,,8,,March  1 2013,
CSEE 4119,2013,Spring,000,3,COMPUTER NETWORKS,TR,1310,1425,Chaintreau,Augustin,,8,,March  5 2013,
CSEE 4119,2014,Spring,000,3,COMPUTER NETWORKS,TR,1310,1425,Chaintreau,Augustin,,4,120,December 18 2013,
CSEE 4140,2006,Fall,000,3,NETWORKING LABORATORY,MW,1100,1215,Hershkop,Shlomo,,,,,
CSEE 4140,2008,Spring,000,3,NETWORKING LABORATORY,M,1740,1930,Baset,Salman,A,,,,
CSEE 4140,2009,Spring,000,3,NETWORKING LABORATORY,TR,1310,1425,Feiner,Steven,K,,,,
CSEE 4140,2010,Fall,000,3,NETWORKING LABORATORY,W,1100,1215,Zussman,Gil,,,,,
CSEE 4140,2010,Spring,000,3,NETWORKING LABORATORY,M,1430,1600,Kim,Jong,Y,,,,
CSEE 4140,2012,Spring,000,3,NETWORKING LABORATORY,W,1310,1425,Margolies,Robert,S,2,30,July  4 2012,
CSEE 4823,2005,Spring,000,3,ADVANCED LOGIC DESIGN,TR,1610,1725,Nowick,Steven,M,,,,
CSEE 4823,2006,Fall,000,3,ADVANCED LOGIC DESIGN,TR,1310,1425,Nowick,Steven,M,,,,
CSEE 4823,2008,Fall,000,3,ADVANCED LOGIC DESIGN,TR,1310,1425,Nowick,Steven,M,,,,
CSEE 4823,2008,Spring,000,3,ADVANCED LOGIC DESIGN,M,1740,2010,Ashar,Pranav,,,,,
CSEE 4823,2009,Fall,000,3,ADVANCED LOGIC DESIGN,TR,1440,1555,Nowick,Steven,M,,,,
CSEE 4823,2010,Fall,000,3,ADVANCED LOGIC DESIGN,TR,1440,1555,Nowick,Steven,M,,,,
CSEE 4823,2012,Fall,000,3,ADVANCED LOGIC DESIGN,TR,1440,1555,Nowick,Steven,M,4,80,January  1 2013,
CSEE 4823,2012,Fall,000,3,ADVANCED LOGIC DESIGN,TR,1440,1555,Nowick,Steven,M,4,80,March  1 2013,
CSEE 4823,2013,Fall,000,3,ADVANCED LOGIC DESIGN,MW,1910,2025,Vezyrtzis,Christos,,0,80,July 31 2013,
CSEE 4823,2013,Fall,000,3,ADVANCED LOGIC DESIGN,MW,1910,2025,Vezyrtzis,Christos,,1,80,June  1 2013,
CSEE 4823,2013,Fall,000,3,ADVANCED LOGIC DESIGN,MW,1910,2025,Vezyrtzis,Christos,,1,80,May  1 2013,
CSEE 4823,2013,Fall,000,3,ADVANCED LOGIC DESIGN,MW,1910,2025,Vezyrtzis,Christos,,4,80,July  1 2013,
CSEE 4823,2013,Fall,000,3,ADVANCED LOGIC DESIGN,MW,1910,2025,Vezyrtzis,Christos,,4,80,July 15 2013,
CSEE 4823,2013,Fall,000,3,ADVANCED LOGIC DESIGN,MW,1910,2025,Vezyrtzis,Christos,,4,80,June 12 2013,
CSEE 4823,2013,Fall,000,3,ADVANCED LOGIC DESIGN,MW,1910,2025,Vezyrtzis,Christos,,5,80,September  1 2013,
CSEE 4823,2013,Fall,000,3,ADVANCED LOGIC DESIGN,MW,1910,2025,Vezyrtzis,Christos,,7,120,December 18 2013,
CSEE 4823,2013,Fall,000,3,ADVANCED LOGIC DESIGN,MW,1910,2025,Vezyrtzis,Christos,,8,120,October  5 2013,
CSEE 4823,2013,Fall,000,3,ADVANCED LOGIC DESIGN,MW,1910,2025,Vezyrtzis,Christos,,8,120,September 30 2013,
CSEE 4824,2006,Fall,000,3,COMPUTER ARCHITECTURE,TR,1440,1555,Carloni,Luca,,,,,
CSEE 4824,2008,Fall,000,3,COMPUTER ARCHITECTURE,TR,1610,1725,Carloni,Luca,,,,,
CSEE 4824,2009,Fall,000,3,Computer Architecture,MW,1440,1555,Carloni,Luca,,,,,
CSEE 4824,2010,Fall,000,3,COMPUTER ARCHITECTURE,MW,1440,1555,Carloni,Luca,,,,,
CSEE 4824,2012,Fall,000,3,COMPUTER ARCHITECTURE,MW,1440,1555,Carloni,Luca,,6,80,January  1 2013,
CSEE 4824,2012,Fall,000,3,COMPUTER ARCHITECTURE,MW,1440,1555,Carloni,Luca,,6,80,March  1 2013,
CSEE 4824,2014,Spring,000,3,COMPUTER ARCHITECTURE,MW,1140,1255,Sethumadhavan,Simha,,1,120,December 18 2013,
CSEE 4840,2005,Spring,000,3,EMBEDDED SYSTEM DESIGN,TR,1100,1215,Edwards,Stephen,A,,,,
CSEE 4840,2008,Spring,000,3,EMBEDDED SYSTEM DESIGN,TR,1100,1215,Edwards,Stephen,A,,,,
CSEE 4840,2009,Spring,000,3,EMBEDDED SYSTEM DESIGN,TR,1100,1215,Edwards,Stephen,A,,,,
CSEE 4840,2010,Spring,000,3,EMBEDDED SYSTEMS,MW,1610,1725,Edwards,Stephen,A,,,,
CSEE 4840,2012,Spring,000,3,EMBEDDED SYSTEMS,TR,1440,1555,Edwards,Stephen,A,5,,July  4 2012,
CSOR 4231,2009,Fall,000,3,ANALYSIS OF ALGORITHMS I,TR,1610,1725,Stein,Clifford,,,,,
CSOR 4231,2010,Fall,000,3,ANALYSIS OF ALGORITHMS I,TR,1610,1725,Yannakakis,Mihalis,,,,,
CSOR 4231,2012,Fall,000,3,ANALYSIS OF ALGORITHMS I,TR,1140,1255,Yannakakis,Mihalis,,3,150,January  1 2013,
CSOR 4231,2012,Fall,000,3,ANALYSIS OF ALGORITHMS I,TR,1140,1255,Yannakakis,Mihalis,,3,150,March  1 2013,
CSOR 4231,2012,Spring,000,3,ANALYSIS OF ALGORITHMS I,MW,1035,1150,Chen,Xi,,9,120,July  4 2012,
CSOR 4231,2013,Fall,000,3,ANALYSIS OF ALGORITHMS I,TR,1140,1255,Stein,Clifford,,0,150,July 31 2013,
CSOR 4231,2013,Fall,000,3,ANALYSIS OF ALGORITHMS I,TR,1140,1255,Stein,Clifford,,5,150,July  1 2013,
CSOR 4231,2013,Fall,000,3,ANALYSIS OF ALGORITHMS I,TR,1140,1255,Stein,Clifford,,5,150,July 15 2013,
CSOR 4231,2013,Fall,000,3,ANALYSIS OF ALGORITHMS I,TR,1140,1255,Stein,Clifford,,5,150,June 12 2013,
CSOR 4231,2013,Fall,000,3,ANALYSIS OF ALGORITHMS I,TR,1140,1255,Stein,Clifford,,5,164,October  5 2013,
CSOR 4231,2013,Fall,000,3,ANALYSIS OF ALGORITHMS I,TR,1140,1255,Stein,Clifford,,6,150,June  1 2013,
CSOR 4231,2013,Fall,000,3,ANALYSIS OF ALGORITHMS I,TR,1140,1255,Stein,Clifford,,6,150,May  1 2013,
CSOR 4231,2013,Fall,000,3,ANALYSIS OF ALGORITHMS I,TR,1140,1255,Stein,Clifford,,7,164,September  1 2013,
CSOR 4231,2013,Fall,000,3,ANALYSIS OF ALGORITHMS I,TR,1140,1255,Stein,Clifford,,7,164,September 30 2013,
CSOR 4231,2013,Fall,000,3,ANALYSIS OF ALGORITHMS I,TR,1140,1255,Stein,Clifford,,9,164,December 18 2013,
CSOR 4231,2013,Spring,000,3,ANALYSIS OF ALGORITHMS I,MW,2040,2155,Zhang,Lisa,,0,120,January 16 2013,
CSOR 4231,2013,Spring,000,3,ANALYSIS OF ALGORITHMS I,MW,2040,2155,Zhang,Lisa,,3,120,January  1 2013,
CSOR 4231,2013,Spring,000,3,ANALYSIS OF ALGORITHMS I,MW,2040,2155,Zhang,Yihao,,3,120,March  1 2013,
CSOR 4231,2013,Spring,000,3,ANALYSIS OF ALGORITHMS I,MW,2040,2155,Zhang,Yihao,,3,120,March  5 2013,
CSOR 4231,2013,Spring,000,3,ANALYSIS OF ALGORITHMS I,MW,2040,2155,Zhang,Yihao,,4,120,July  1 2013,
CSOR 4231,2013,Spring,000,3,ANALYSIS OF ALGORITHMS I,MW,2040,2155,Zhang,Yihao,,4,120,July 31 2013,
CSOR 4231,2013,Spring,000,3,ANALYSIS OF ALGORITHMS I,MW,2040,2155,Zhang,Yihao,,4,120,June  1 2013,
CSOR 4231,2013,Spring,000,3,ANALYSIS OF ALGORITHMS I,MW,2040,2155,Zhang,Yihao,,4,120,May  1 2013,
CSOR 4231,2013,Spring,000,3,ANALYSIS OF ALGORITHMS I,MW,2040,2155,Zhang,Yihao,,4,120,September  1 2013,
CSOR 4231,2014,Spring,000,3,ANALYSIS OF ALGORITHMS I,TR,1910,2025,Chen,Xi,,0,120,December 18 2013,
CSOR 4246,2013,Fall,000,3,ALGORITHMS FOR DATA SCIENCE,MW,1940,2055,Ruozzi,Nicholas,R,2,50,October  5 2013,
CSOR 4246,2013,Fall,000,3,ALGORITHMS FOR DATA SCIENCE,MW,1940,2055,Ruozzi,Nicholas,R,3,50,September 30 2013,
CSOR 4246,2013,Fall,000,3,ALGORITHMS FOR DATA SCIENCE,MW,1940,2055,Ruozzi,Nicholas,R,8,50,December 18 2013,
CSOR 4561,2014,Spring,000,3,INTELLECTUAL PROP FOR ENTREP,M,2100,1215,Herskowitz,Orin,,8,15,December 18 2013,
EECS 4340,2010,Fall,000,3,COMPUTER HARDWARE DESIGN,TR,1610,1725,Sethumadhavan,Simha,,,,,
EECS 4340,2012,Fall,000,3,COMPUTER HARDWARE DESIGN,TR,1610,1725,Sethumadhavan,Simha,,2,65,January  1 2013,
EECS 4340,2012,Fall,000,3,COMPUTER HARDWARE DESIGN,TR,1610,1725,Sethumadhavan,Simha,,2,65,March  1 2013,
